"advertiserId","programmeName","conversionRate","approvalRate","epc","launchDate","paymentStatus","paymentRiskLevel","awinIndex","feedEnabled","productReporting","commissionMin","commissionMax","leadMin","leadMax","cookieLength","parentSectors","subSectors","primarySector","averagePaymentTime","primaryRegion","descriptionShort","logoUrl","displayUrl"
"32679","SamBoat US","1.5029","94.44","0.18","2022-09-20","amber","exposurelevel4","83.3538","no","no","0","0","0","0","30","Travel","Cruises/Ferries|Tourism & Attractions|Travel Agencies","Cruises/Ferries","null","US","SamBoat is the fastest-growing global platform for boat rental, enabling curious travellers and seasoned sailors to experience the joy of being at sea. Customers can compare thousands of listings in seconds and book the perfect boat at the best price.","https://ui.awin.com/images/upload/merchant/profile/32679.png","https://www.samboat.com/"
"119761","Yeloly","6.16612","51.43","2.44","2025-09-15","amber","exposurelevel4","54.8866","yes","no","0","0","0","0","30","Retail & Shopping","Erotic","Erotic","111","US","Looking for sincere partners. We hope you can earn a lot of commissions.","https://ui.awin.com/images/upload/merchant/profile/119761.png","https://www.yeloly.com/"
"40454","lunzo PL","1.14844","68.27","0.04","2023-03-09","amber","exposurelevel2","58.5397","yes","no","0","0","0","0","25","Retail & Shopping","Audio Visual|Automotive|Books & Subscriptions|Childrenswear|Clothing|Clothing Accessories|Computers|Department Stores|DIY|Electronic Accessories|Electronic Superstore|Entertainment Superstore|Erotic|FMCG|Furniture & Soft Furnishings|Gadgets|Gifts & Flowers|Green (Eco friendly)|Group Buying|Health & Beauty|Home & Garden|Jewellery|Lead Gen|Lingerie|Menswear|Music & DVD|Office Supplies|PC & Video Games|Pets & Pet Care|Pharmaceuticals|Photography|Photos & Print Services|Shoes|Sports Equipment|Sportswear|Toys & Games|White Goods|Wine Spirits & Tobacco|Womenswear|Baby & Toddler","Entertainment Superstore","60","PL","Lunzo.pl oferuje tysiące wysokiej jakości i niedrogich produktów.","https://ui.awin.com/images/upload/merchant/profile/40454.png","https://www.lunzo.pl"
"104549","AlorairCrawlspace","6.29211","99.68","4.89","2025-08-05","green","none","90.9713","yes","yes","0","0","0","0","90","Retail & Shopping","Home & Garden","Home & Garden","21","US","ALORAIR was founded in 2012.As an innovative technology company, we have a profound R&D background and have spared no effort to increase R&D investment. We are committed to providing customers with high - quality products and services. We strive","https://ui.awin.com/images/upload/merchant/profile/104549.png","https://www.aloraircrawlspace.com"
"40452","Lunzo HU","6.10664","74.80","0.05","2023-03-09","amber","exposurelevel2","67.1041","yes","no","0","0","0","0","25","Retail & Shopping","Audio Visual|Automotive|Books & Subscriptions|Childrenswear|Clothing|Clothing Accessories|Computers|Department Stores|DIY|Electronic Accessories|Electronic Superstore|Entertainment Superstore|Erotic|FMCG|Furniture & Soft Furnishings|Gadgets|Gifts & Flowers|Green (Eco friendly)|Group Buying|Health & Beauty|Home & Garden|Jewellery|Lead Gen|Lingerie|Menswear|Music & DVD|Office Supplies|PC & Video Games|Pets & Pet Care|Pharmaceuticals|Photography|Photos & Print Services|Shoes|Sports Equipment|Sportswear|Toys & Games|White Goods|Wine Spirits & Tobacco|Womenswear|Baby & Toddler","Entertainment Superstore","63","HU","Lunzo.hu offers thousands of high-quality and affordable products.","https://ui.awin.com/images/upload/merchant/profile/40452.png","https://www.lunzo.hu/"
"91139","ZAPAKA VINTAGE, Inc.","1.00744","80.70","0.11","2025-06-25","green","none","43.3326","yes","yes","0","0","0","0","30","Retail & Shopping","Clothing","Clothing","71","US","ZAPAKA is a vintage online boutique, the website is zapaka.com. We ship thousands of orders daily all over the world, especially in Europe and America. Our average sale amount is around one million dollars every month.
Fo","https://ui.awin.com/images/upload/merchant/profile/91139.png","https://zapaka.com"
"128231","LandJet","","0.00","0.00","2026-09-03","green","none","","no","no","0","0","0","0","30","Telco's & Services|Travel","Business Services (B2B)|Airlines|Airport Parking & Transfers|Car Rental|Coaches|Tourism & Attractions|Trains|Travel Agencies","Travel Agencies","null","US","LandJet is a premier U.S.-based luxury ground transportation company redefining regional travel through elevated comfort, sophistication, and seamless service. Catering to executives, professionals, families, and private groups","https://ui.awin.com/images/upload/merchant/profile/128231.png","https://landjet.com/"
"119629","PURTY BODY Affiliate Program","14.6872","99.74","0.66","2025-10-03","amber","exposurelevel6","75.6136","yes","no","0","0","0","0","30","Retail & Shopping","Clothing|Clothing Accessories|Lingerie|Womenswear","Lingerie","140","US","Purtybody is a fashion-forward brand created to solve one of the most common yet least talked about challenges in women’s apparel: the discomfort and appearance of “camel toe.”","https://ui.awin.com/images/upload/merchant/profile/119629.png","https://purtybody.com/"
"32471","Eonon (US)","7.98202","99.24","0.76","2022-08-24","amber","exposurelevel2","52.7142","yes","yes","0","0","0","0","30","Retail & Shopping","Audio Visual|Automotive|Electronic Accessories","Audio Visual","88","US","We are Eonon, we are a car stereo seller, we will have some discounts every week and a large Clearance Sale every month, up to 59%.","https://ui.awin.com/images/upload/merchant/profile/32471.png","https://www.eonon.com/Default.aspx"
"127793","Evago (US)","","0.00","0.00","2026-06-18","amber","exposurelevel1","0","no","no","0","0","0","0","30","Travel","Airlines|Travel Agencies","Travel Agencies","null","US","Evago helps travel businesses connect with high-intent travelers through targeted advertising, featured placements, and qualified lead generation opportunities. Our platform increases visibility, drives customer engagement, and delivers potential bookings","https://ui.awin.com/images/upload/merchant/profile/127793.png","https://evago.org/"
"126089","Minteefy","14.2857","50.00","0.01","2026-04-17","amber","exposurelevel4","0","no","no","0","0","0","0","30","Retail & Shopping","Gifts & Flowers|Home & Garden","Home & Garden","69","US","Minteefy is a home décor brand offering modern and stylish wall art designed to enhance any interior space. We create a curated range of prints, glass wall art, and custom designs that bring personality and contemporary aesthetics into homes and offices.","https://ui.awin.com/images/upload/merchant/profile/126089.png","https://www.minteefy.com/"
"122380","Omara Jewelry","0.595533","17.65","2.38","2025-11-25","amber","exposurelevel2","48.1078","yes","no","0","0","0","0","30","Retail & Shopping","Jewellery","Jewellery","24","PL","Omara to dynamiczna marka, założona w 2022 w PL, SK, CZ, specjalizująca się w spersonalizowanej biżuterii modowej. Łączymy nowoczesną technologię i globalne operacje z pasją do indywidualnej ekspresji, zapewniając unikalne produkty i rygorystyczną jakość.","https://ui.awin.com/images/upload/merchant/profile/122380.png","https://omara.pl/"
"73936","Foreo US","1.84462","84.21","0.35","2024-02-23","amber","exposurelevel2","74.4405","yes","no","0","0","0","0","30","Retail & Shopping","Health & Beauty","Health & Beauty","34","US","FOREO makes self-care simple, easy, and enjoyable - that’s our mission. Our products are effective and clinically tested, providing real results. We help you achieve your full beauty potential in record time and empower you to work on your well-being.","https://ui.awin.com/images/upload/merchant/profile/73936.png","https://www.foreo.com/"
"78080","Imarku","3.56282","95.83","0.71","2025-08-18","green","none","75.4251","yes","yes","0","0","0","0","30","Retail & Shopping","Home & Garden","Home & Garden","48","US","
.container {
    max-width: 600px; /* Adjust max-width as needed */
    margin: 0 auto; /* Center the container */
    padding: 20px; /* Add padding for spacing */
}

.container img {
    max-width: 100%; /* Make sure images don'","https://ui.awin.com/images/upload/merchant/profile/78080.png","https://imarku.net"
"114104","Lunzo AT","1.04167","100.00","0.00","2025-04-17","amber","exposurelevel2","77.3755","yes","no","0","0","0","0","25","Retail & Shopping","Department Stores","Department Stores","53","AT","Lunzo.at offers thousands of high-quality and affordable products.","https://ui.awin.com/images/upload/merchant/profile/114104.png","https://www.lunzo.at/"
"54355","Lunzo CZ","2.40332","71.25","0.01","2023-07-14","amber","exposurelevel2","61.7988","yes","no","0","0","0","0","25","Retail & Shopping","Audio Visual|Automotive|Books & Subscriptions|Childrenswear|Clothing|Clothing Accessories|Computers|Department Stores|DIY|Electronic Accessories|Electronic Superstore|Entertainment Superstore|Erotic|FMCG|Furniture & Soft Furnishings|Gadgets|Gifts & Flowers|Green (Eco friendly)|Group Buying|Health & Beauty|Home & Garden|Jewellery|Lead Gen|Lingerie|Menswear|Music & DVD|Office Supplies|PC & Video Games|Pets & Pet Care|Pharmaceuticals|Photography|Photos & Print Services|Shoes|Sports Equipment|Sportswear|Toys & Games|White Goods|Wine Spirits & Tobacco|Womenswear|Baby & Toddler","Womenswear","61","CZ","Lunzo.cz offers hundreds of thousands of high-quality and affordable products.","https://ui.awin.com/images/upload/merchant/profile/54355.png","https://www.lunzo.cz/"
"121760","Triple Bristle (US)","15.0383","100.00","0.81","2025-11-10","amber","exposurelevel4","0","yes","no","0","0","0","0","30","Retail & Shopping","Electronic Accessories|Gadgets|Health & Beauty|Pharmaceuticals","Health & Beauty","94","US","Triple Bristle — The 3-Sided Sonic ToothbrushTriple Bristle’s innovative 3-sided brush cleans all surfaces of your teeth at once, delivering a dentist-clean feeling in 1/3 the time. Designed by dental professionals, it’s the smarter, faster, and more eff","https://ui.awin.com/images/upload/merchant/profile/121760.png","https://www.triplebristle.com/"
"54357","Lapert CZ","3.3185","87.69","0.02","2023-07-14","amber","exposurelevel2","70.7804","yes","no","0","0","0","0","25","Retail & Shopping","Audio Visual|Automotive|Books & Subscriptions|Childrenswear|Clothing|Clothing Accessories|Computers|Department Stores|DIY|Electronic Accessories|Electronic Superstore|Entertainment Superstore|Erotic|FMCG|Furniture & Soft Furnishings|Gadgets|Gifts & Flowers|Green (Eco friendly)|Group Buying|Health & Beauty|Home & Garden|Jewellery|Lead Gen|Lingerie|Menswear|Music & DVD|Office Supplies|PC & Video Games|Pets & Pet Care|Pharmaceuticals|Photography|Photos & Print Services|Shoes|Sports Equipment|Sportswear|Toys & Games|White Goods|Wine Spirits & Tobacco|Womenswear|Baby & Toddler","Womenswear","70","CZ","Lapert.cz offers thousands of high-quality and affordable products.","https://ui.awin.com/images/upload/merchant/profile/54357.png","https://www.lapert.cz/"
"127859","monvane","7.32323","100.00","1.22","2026-06-12","amber","exposurelevel1","67.7788","yes","no","0","0","0","0","30","Retail & Shopping","Home & Garden","Home & Garden","null","US","Promote one of the fastest-growing modular sofa brands and earn 10% commission on every sale. MONVANE offers high-AOV products with $500+, a 30-day cookie window, and furniture designed for modern living.","https://ui.awin.com/images/upload/merchant/profile/127859.png","https://monvane.com/"
"111366","Sparkle GmbH","6.58299","82.22","0.49","2025-08-05","green","none","50.2987","yes","yes","0","0","0","0","30","Retail & Shopping","Clothing Accessories","Clothing Accessories","70","US","Welcome to the Hey Happiness Affiliate Program—your opportunity to partner with a brand that combines style and impact. We specialize in high-quality, timeless jewelry with an average cart value of €60, designed to bring joy and elegance to ever","https://ui.awin.com/images/upload/merchant/profile/111366.png","https://www.heyhappiness.com"
"124284","Alorair the dry air","7.23253","81.63","3.28","2026-02-12","amber","exposurelevel1","83.6287","yes","no","0","0","0","0","30","Retail & Shopping","Department Stores|DIY|Electronic Superstore|Group Buying|Home & Garden|White Goods","Department Stores","22","US","AlorAir (2012) produces ETL/Energy Star dehumidifiers for basements  flood restoration. 5-year warranty, 24/7 U.S. support, fast local shipping.","https://ui.awin.com/images/upload/merchant/profile/124284.png","https://thedryair.com/"
"83201","Abracadabra NYC","4.36056","98.86","0.08","2025-05-29","green","none","88.19","yes","yes","0","0","0","0","45","Retail & Shopping","Clothing|Clothing Accessories|Erotic|Gadgets|Gifts & Flowers|Health & Beauty|Home & Garden|Jewellery|Lingerie|Menswear|Shoes|Toys & Games|Womenswear","Clothing","22","US","Welcome to AbracadabraNYC! Thanks For Checking Us Out!
Website: https://abracadabranyc.com/
Since 1981 we're the world’s most unique magic & costume store, located in the heart of NYC!","https://ui.awin.com/images/upload/merchant/profile/83201.png","https://abracadabranyc.com/"
"116725","World Businesses for Sale","50","100.00","0.09","2025-06-09","amber","exposurelevel1","85.6752","yes","no","0","0","0","0","30","Finance & Insurance","Savings & Investments","Savings & Investments","null","GB","Apply to join our program today! We're actively seeking influencers, bloggers, vloggers, and content creators. Partner with us and earn generous payments promoting exciting global business opportunities. Let’s grow together!","https://ui.awin.com/images/upload/merchant/profile/116725.png","https://worldbusinessesforsale.com/"
"120101","Alison US CA","3.08223","98.40","0.24","2025-12-06","amber","exposurelevel2","66.7211","yes","no","0","0","0","0","30","Telco's & Services","Education Training & Recruitment","Education, Training & Recruitment","52","US","Founded in 2007, Alison is the world’s largest free online empowerment platform for education and skills training. We offer over 6000 CPD accredited courses and a range of impactful career development tools.","https://ui.awin.com/images/upload/merchant/profile/120101.png","https://alison.com/"
"124250","Brookwood Med","7.75487","100.00","0.14","2026-02-11","amber","exposurelevel1","72.7687","yes","yes","0","0","0","0","30","Retail & Shopping","Health & Beauty|Pharmaceuticals","Health & Beauty","55","US","BrookwoodMed.com is an e-commerce platform focused on providing reliable medical, safety, and protective products for both consumers and businesses. The site offers a curated selection of essential healthcare and personal protection items designed to meet","https://ui.awin.com/images/upload/merchant/profile/124250.png","https://brookwoodmed.com/"
"126975","EasyClaw","","0.00","0.00","2026-05-29","amber","exposurelevel1","0","no","no","0","0","0","0","30","Telco's & Services","Software Downloads","Software Downloads","null","US","Promote EasyClaw, an AI productivity platform that helps users work smarter and faster. Share AI workflow and productivity tools with your audience while earning commissions, exclusive offers, strong conversions, and affiliate support.","https://ui.awin.com/images/upload/merchant/profile/126975.png","https://easyclaw.com/"
"117613","OUTFITR (US)","7.84104","93.31","2.24","2025-09-22","amber","exposurelevel1","70.0547","yes","yes","0","0","0","0","30","Retail & Shopping","Home & Garden","Home & Garden","53","US","Earn 10% promoting OutfitR's adventure-grade gear via Awin. From rugged backpacks to pro camping gear - made for explorers. Join now!","https://ui.awin.com/images/upload/merchant/profile/117613.png","https://outfitrer.com/"
"124966","Eydology","9.91823","94.90","0.85","2026-04-30","amber","exposurelevel4","68.0409","yes","no","0","0","0","0","30","Retail & Shopping","Clothing Accessories|Health & Beauty|Pharmaceuticals","Health & Beauty","null","US","EYDOLOGY is a direct-to-consumer eyewear brand dedicated to providing high-quality, stylish, and affordable prescription glasses. Join us to earn competitive commissions by promoting eyewear that combines fashion with optical excellence.","https://ui.awin.com/images/upload/merchant/profile/124966.png","https://eydology.com/"
"37118","WINGGOOD","5.97299","99.69","0.63","2025-08-13","green","none","77.5625","yes","yes","0","0","0","0","30","Retail & Shopping","Clothing Accessories","Clothing Accessories","28","US","BECOME A WALKHERO AFFILIATE

Thank you for your interest in the WalkHero Affiliate program!

WalkHero is a pillar of classic workmanship and a beacon of American style. Since 2011, WalkHero has provided the highest quality products and set t","https://ui.awin.com/images/upload/merchant/profile/37118.png","https://walkhero.com"
"129553","Jumy Bee - US","","0.00","0.00","2026-08-07","green","none","0","yes","yes","0","0","0","0","30","Retail & Shopping","Gifts & Flowers|Group Buying|Health & Beauty|Lead Gen|Womenswear","Health & Beauty","null","US","Jumy Bee is a professional-inspired haircare brand created for customers who want smoother, shinier, healthier-looking hair at home. Our colorful range combines salon-style treatments with easy-to-use formulas","https://ui.awin.com/images/upload/merchant/profile/129553.png","https://jumybee.com/"
"124816","Traverseon","3.45425","85.92","0.40","2026-03-14","amber","exposurelevel1","51.4896","yes","no","0","0","0","0","30","Retail & Shopping","Home & Garden","Home & Garden","63","US","Traverseon is a premium outdoor gear brand trusted by over 300,000 adventurers across the world. Our mission is to ""Simplify Your Outdoor Life"" by designing compact and ultra-portable gear systems that allow city dwellers to venture into nature with ease.","https://ui.awin.com/images/upload/merchant/profile/124816.png","https://traverseon.com/"
"123618","Cozeware","4.71304","75.70","5.06","2026-03-20","amber","exposurelevel2","78.6176","no","no","0","0","0","0","45","Retail & Shopping","Electronic Accessories|Furniture & Soft Furnishings|Green (Eco friendly)|Home & Garden","Home & Garden","31","US","Cozeware is redefining comfort by transforming the air you breathe. We challenge the industry's narrative that superior air quality, intelligent climate control, and elegant design must come at a premium.","https://ui.awin.com/images/upload/merchant/profile/123618.png","https://www.cozeware.com/"
"116187","Kings Camo (US)","3.15031","100.00","0.42","2025-06-16","amber","exposurelevel4","68.192","yes","no","0","0","0","0","30","Retail & Shopping","Clothing|Clothing Accessories|Gadgets|Menswear|Sports Equipment|Sportswear","Clothing","69","US","King’s Camo is a performance hunting apparel brand built for rugged terrain, unpredictable weather, and serious outdoorsmen. Founded in the Western U.S., King’s blends tradition with innovation.","https://ui.awin.com/images/upload/merchant/profile/116187.png","https://www.kingscamo.com/"
"117741","Finitex","27.2727","100.00","1.22","2025-07-16","amber","exposurelevel1","86.4551","yes","yes","0","0","0","0","30","Retail & Shopping","Automotive|FMCG|Green (Eco friendly)|Health & Beauty|Home & Garden|Pets & Pet Care","Health & Beauty","33","US","Finitex is a premium nitrile glove brand by Titans Medicare. Finitex is a top seller on Amazon and Walmart. Our official site offers bulk and retail, and free U.S. shipping over $49. Affiliates can earn 6.5% commission from valid orders on the website.","https://ui.awin.com/images/upload/merchant/profile/117741.png","https://www.titansmedicare.com/"
"69786","Lunzo DE","1.01766","69.57","0.01","2024-03-25","amber","exposurelevel2","68.9897","yes","no","0","0","0","0","25","Retail & Shopping","Clothing|Clothing Accessories|Home & Garden","Home & Garden","59","DE","Lunzo.de offers thousands of high-quality and affordable products.","https://ui.awin.com/images/upload/merchant/profile/69786.png","https://www.lunzo.de/"
"106313","DeerRun UK","4.75332","87.91","1.31","2025-07-15","green","none","50.4413","yes","yes","0","0","0","0","15","Retail & Shopping","Health & Beauty|Sports Equipment","Sports Equipment","73","US","The World's No.1 Home Treadmills Brand. Millions of treadmills sold. With 30+ years in the home fitness equipment industry, DeerRun has established itself as a leader in the field.","https://ui.awin.com/images/upload/merchant/profile/106313.png","https://uk.deerruntreadmill.com"
"128033","Dima Eyewear (US)","2.99656","92.86","0.26","2026-06-19","amber","exposurelevel4","60.8084","yes","no","0","0","0","0","30","Retail & Shopping","Clothing Accessories","Clothing Accessories","null","US","Dima Eyewear is a direct-to-consumer sunglasses brand dedicated to providing high-quality, stylish, eco-friendly, and durable eyewear. Join us to earn competitive commissions by promoting sunglasses that combine modern fashion with sustainability and long","https://ui.awin.com/images/upload/merchant/profile/128033.png","https://dimaeyewear.com/"
"99013","Shenzhen Cangyu Technology Co., Ltd.","4.57083","82.76","1.65","2025-08-05","green","none","64.6436","yes","yes","0","0","0","0","30","Retail & Shopping","Home & Garden","Home & Garden","49","US","About Us
Simple Project is a bathroom product brand that combines simplicity and sophistication with a commitment to exceeding customer expectations. We specialize in the design, production and sale of high-quality toilets, aimi","https://ui.awin.com/images/upload/merchant/profile/99013.png","https://simpleprojectus.com"
"90879","SBLA Inc.","5.42296","85.90","0.39","2025-07-15","green","none","50.1184","yes","yes","0","0","0","0","30","","Health & Beauty","Health & Beauty","70","US","®SBLA means ‘scientific beauty,’ while the idea, beginning with the acclaimed and sought after neck sculpting wand, was conceived in LA, the mission is to empower women everywhere to age beautifully on their own terms. Join us in redefining beauty","https://ui.awin.com/images/upload/merchant/profile/90879.png","https://sbla.com"
"129485","Silver Brush","","0.00","0.00","2026-08-08","green","none","0","yes","no","0","0","0","0","30","Retail & Shopping","DIY|Home & Garden|Office Supplies","Home & Garden","null","US","Silver Brush Limited® has created premium artist brushes since 1991. Trusted by artists, educators, students, and creatives, our brushes deliver exceptional quality and performance for watercolor, acrylic, oil, gouache, and more.","https://ui.awin.com/images/upload/merchant/profile/129485.png","https://www.silverbrush.com/"
"90193","Canvas Vows","4.60497","98.88","1.90","2025-06-25","green","none","79.9562","yes","yes","0","0","0","0","120","Retail & Shopping","Home & Garden","Home & Garden","34","US","
BECOME
A CANVAS VOWS AFFILIATE PARTNER

Canvas Vows makes personalized home decor canvases. We can make any size canvas fr","https://ui.awin.com/images/upload/merchant/profile/90193.png","https://www.canvasvows.com"
"46127","Rowabi","0.201295","100.00","0.05","2025-06-03","green","none","0","yes","yes","0","0","0","0","90","Retail & Shopping","Home & Garden","Home & Garden","null","US","Join Rowabi, a US-based family business offering handmade rattan and contemporary pendant lights. Our products are unique, high-quality, and crafted with care.

As a Rowabi affiliate, you can earn up to 8% commission on every sale, with an ave","https://ui.awin.com/images/upload/merchant/profile/46127.png","https://www.rowabi.com"
"113386","Blimburn Seeds","3.57225","84.90","1.00","2025-03-04","amber","exposurelevel1","61.2106","yes","no","0","0","0","0","60","Retail & Shopping","FMCG|Gifts & Flowers|Green (Eco friendly)|Home & Garden|Pharmaceuticals|Wine Spirits & Tobacco","Home & Garden","53","US","Blimburn Seeds is a renowned seed bank since 2002, offering over 1,000 high-quality seed varieties from expert cultivators. We focus on innovation, genetic excellence, and customer satisfaction, serving a global market.","https://ui.awin.com/images/upload/merchant/profile/113386.png","https://blimburnseeds.com/"
"54353","Lunzo SK","1.5979","68.18","0.01","2023-07-14","amber","exposurelevel2","58.9476","yes","no","0","0","0","0","25","Retail & Shopping","Audio Visual|Automotive|Books & Subscriptions|Childrenswear|Clothing|Clothing Accessories|Computers|Department Stores|DIY|Electronic Accessories|Electronic Superstore|Entertainment Superstore|Erotic|FMCG|Furniture & Soft Furnishings|Gadgets|Gifts & Flowers|Green (Eco friendly)|Group Buying|Health & Beauty|Home & Garden|Jewellery|Lead Gen|Lingerie|Menswear|Music & DVD|Office Supplies|PC & Video Games|Pets & Pet Care|Pharmaceuticals|Photography|Photos & Print Services|Shoes|Sports Equipment|Sportswear|Toys & Games|White Goods|Wine Spirits & Tobacco|Womenswear|Baby & Toddler","Womenswear","65","SK","Lunzo.sk offers thousands of high-quality and affordable products.","https://ui.awin.com/images/upload/merchant/profile/54353.png","https://www.lunzo.sk/"
"95201","Giftlab","6.62971","100.00","0.35","2025-07-24","green","none","57.6648","yes","yes","0","0","0","0","30","Retail & Shopping","Gifts & Flowers","Gifts & Flowers","70","US","About GiftLAB®
GiftLAB® (www.giftlab.com) is a leading provider of personalized gifts and more. 

We specialize in producing and selling custom photo gifts and funny face gifts worldwide. 

We strive to provide cus","https://ui.awin.com/images/upload/merchant/profile/95201.png","https://www.giftlab.com/"
"40456","Lunzo RO","0.466353","39.32","0.01","2023-03-02","amber","exposurelevel2","46.1616","yes","no","0","0","0","0","25","Retail & Shopping","Audio Visual|Automotive|Books & Subscriptions|Childrenswear|Clothing|Clothing Accessories|Computers|Department Stores|DIY|Electronic Accessories|Electronic Superstore|Entertainment Superstore|Erotic|FMCG|Furniture & Soft Furnishings|Gadgets|Gifts & Flowers|Green (Eco friendly)|Group Buying|Health & Beauty|Home & Garden|Jewellery|Lead Gen|Lingerie|Menswear|Music & DVD|Office Supplies|PC & Video Games|Pets & Pet Care|Pharmaceuticals|Photography|Photos & Print Services|Shoes|Sports Equipment|Sportswear|Toys & Games|White Goods|Wine Spirits & Tobacco|Womenswear|Baby & Toddler","Entertainment Superstore","62","RO","Lunzo.ro offers thousands of high-quality and affordable products.","https://ui.awin.com/images/upload/merchant/profile/40456.png","https://www.lunzo.ro"
"125464","Toputure - US","3.95591","100.00","0.64","2026-04-07","amber","exposurelevel4","56.3532","yes","no","0","0","0","0","30","","Sports Equipment","Sports Equipment","null","US","Toputure - Your Home Fitness Partner","https://ui.awin.com/images/upload/merchant/profile/125464.png","https://toputure.com/"
"121298","EverLeakProof US","10.0635","71.43","0.89","2025-10-30","amber","exposurelevel1","60.2315","yes","no","0","0","0","0","30","","Clothing|Clothing Accessories|Health & Beauty|Lingerie|Womenswear","Lingerie","59","US","EverLeakProof is a women's health brand for period care and bladder leak protection. AOV $75 and 20% base commission, with higher approved content-partner terms available.","https://ui.awin.com/images/upload/merchant/profile/121298.png","https://everleakproof.com"
"129153","Rewarx Studio AI","","0.00","0.00","2026-07-31","amber","exposurelevel4","0","no","no","0","0","0","0","30","","Books & Subscriptions|Business Services (B2B)|Software Downloads","Business Services (B2B)","null","US","Partner with Rewarx Studio AI to help e-commerce brands create stunning AI product photos without expensive shoots. Earn up to 50% commission for 12 months ! We offer free test accounts and dedicated support for all our affiliates.","https://ui.awin.com/images/upload/merchant/profile/129153.png","https://www.rewarx.com/"
"100613","Turbopass US","1.73003","96.15","0.26","2024-08-21","green","none","62.3584","no","no","0","0","0","0","30","Travel","Tourism & Attractions","Tourism & Attractions","51","US","The must-have for city travelers: The City Passes from Turbopass offer free admission to museums and attractions as well as free travel on public transportation in Munich, Dubai, Athens, Barcelona, Hamburg, London, Madrid, Naples, Paris, Rome, Venice...","https://ui.awin.com/images/upload/merchant/profile/100613.png","https://www.turbopass.com/en"
"117035","HappyPatina US","4.17003","100.00","0.00","2025-06-17","amber","exposurelevel4","0","yes","no","0","0","0","0","30","Retail & Shopping","Books & Subscriptions|Clothing|Clothing Accessories|DIY|Electronic Accessories|Furniture & Soft Furnishings|Gadgets|Gifts & Flowers|Green (Eco friendly)|Home & Garden|Jewellery|Menswear|Office Supplies|Pets & Pet Care|Photography|Shoes|Womenswear","Clothing Accessories","null","US","HappyPatina handcrafts premium, untreated leather goods that develop a rich patina over time. High AOV, strong repeat customers and solid EPC. Perfect for lifestyle, fashion, gift and men's interest publishers seeking a distinctive brand.","https://ui.awin.com/images/upload/merchant/profile/117035.png","https://happypatina.com/"
"127209","Contactlensesplus Affiliate US","","0.00","0.00","2026-08-13","amber","exposurelevel4","0","yes","no","0","0","0","0","30","Retail & Shopping","Health & Beauty|Lead Gen|Pharmaceuticals","Health & Beauty","null","US","ContactLensesPlus.com offers leading contact lens brands at competitive prices, including daily, monthly, toric and multifocal lenses, with fast delivery, easy reordering and customer-focused service for convenient online lens shopping.","https://ui.awin.com/images/upload/merchant/profile/127209.png","https://www.contactlensesplus.com/"
"50707","Ishow Hair","2.69103","95.77","0.15","2025-06-09","green","none","51.8048","yes","yes","0","0","0","0","30","Retail & Shopping","Clothing Accessories","Clothing Accessories","71","US","Ishow Hair is one of famous human hair product brand, we are dedicated to helping women of all ages and backgrounds look and feel their best with our premium-quality human hair wigs, bundles, glueless wig and fashion colored wigs.","https://ui.awin.com/images/upload/merchant/profile/50707.png","https://ishowbeauty.com/collections/glueless-wigs"
"130233","FullScopeMD","","0.00","0.00","2026-09-11","amber","exposurelevel1","","yes","no","0","0","0","0","30","Retail & Shopping","Health & Beauty","Health & Beauty","null","US","Earn commission by introducing eligible U.S. adults to FullScopeMD’s physician-guided wellness and weight-management platform, with transparent pricing, patient support, and compliance-focused creative guidance.","https://ui.awin.com/images/upload/merchant/profile/130233.png","https://www.fullscopemd.com/"
"39912","UNice (US)","4.38282","60.29","0.14","2022-12-30","amber","exposurelevel2","50.8619","yes","no","0","0","0","0","30","Retail & Shopping","Clothing Accessories|Health & Beauty","Health & Beauty","73","US","UNice hair is one of the leading online human hair weaves and wig retailers, and has an enormous variety of hair products, specializing in the latest in women's fashion trends.","https://ui.awin.com/images/upload/merchant/profile/39912.png","https://m.unice.com/"
"126513","Argendon Crawlspace & commercial dehumidifier","9.13066","100.00","2.17","2026-05-05","amber","exposurelevel1","93.6811","yes","no","0","0","0","0","30","Retail & Shopping","Home & Garden","Home & Garden","32","US","Argendon provides durable, energy-efficient dehumidifiers for basements, crawl spaces, and commercial use, helping control moisture, prevent mold, and improve indoor air quality.","https://ui.awin.com/images/upload/merchant/profile/126513.png","https://www.argendon.com/"
"50899","Xuchang Aixiu Hair Products Co., Ltd.","7.01262","85.60","0.45","2025-07-29","green","none","51.5776","no","yes","0","0","0","0","30","Retail & Shopping","Clothing Accessories","Clothing Accessories","72","US","Allove Hair are professional China business ,Our mission is to help females around the world feel proudly beautiful.offers High Quality 100% Human Hair Wigs ,Undetectable Lace Wigs, Frontal Lace Wigs, Closure Lace Wigs, Headband Wigs, Bob Wigs,","https://ui.awin.com/images/upload/merchant/profile/50899.png","https://www.allovehair.com"
"54359","Lapert SK","4.01606","84.46","0.02","2023-07-14","amber","exposurelevel2","70.0232","yes","no","0","0","0","0","25","Retail & Shopping","Audio Visual|Automotive|Books & Subscriptions|Childrenswear|Clothing|Clothing Accessories|Computers|Department Stores|DIY|Electronic Accessories|Electronic Superstore|Entertainment Superstore|Erotic|FMCG|Furniture & Soft Furnishings|Gadgets|Gifts & Flowers|Green (Eco friendly)|Group Buying|Health & Beauty|Home & Garden|Jewellery|Lead Gen|Lingerie|Menswear|Music & DVD|Office Supplies|PC & Video Games|Pets & Pet Care|Pharmaceuticals|Photography|Photos & Print Services|Shoes|Sports Equipment|Sportswear|Toys & Games|White Goods|Wine Spirits & Tobacco|Womenswear|Baby & Toddler","Womenswear","49","SK","Lapert.sk offers thousands of high-quality and affordable products.","https://ui.awin.com/images/upload/merchant/profile/54359.png","https://www.lapert.sk/"
"102013","Zlike Hair","3.21765","30.43","0.81","2025-07-15","green","none","22.9941","yes","yes","0","0","0","0","45","Retail & Shopping","Clothing Accessories|Health & Beauty|Womenswear","Health & Beauty","73","US","At Zlike Hair, we specialize in high-quality human hair wigs, offering a diverse range of styles and options. Our extensive product line includes glue-less wigs, vibrant colored wigs, and 28-inch and 30-inch lengths.","https://ui.awin.com/images/upload/merchant/profile/102013.png","https://zlikehair.com"
"127003","REVO","6.23188","100.00","1.39","2026-06-24","amber","exposurelevel1","80.0376","no","no","0","0","0","0","30","Retail & Shopping","Health & Beauty","Health & Beauty","null","US","REVO is a wellness, fitness  lifestyle brand featuring trending products like Face Genie, Wave Board, Walking Pad, Massage Gun  Smart Cupping devices. Follow us on Instagram: https://www.instagram.com/revomadic/","https://ui.awin.com/images/upload/merchant/profile/127003.png","https://revomadic.com/"
"92667","SAILO, INC","7.85495","62.79","4.50","2025-07-15","green","none","44.5611","no","yes","0","0","0","0","60","Retail & Shopping","Toys & Games","Toys & Games","70","US","Sailo.com is the global online booking platform for boat rentals and yacht charters that connects people who want to rent boats with boat owners and charter companies.Average order value = $1,600Conv","https://ui.awin.com/images/upload/merchant/profile/92667.png","https://www.sailo.com"
"95519","Distacart","10.2521","85.49","0.83","2025-07-17","green","none","55.8847","yes","yes","0","0","0","0","30","Retail & Shopping","Clothing|Health & Beauty|Jewellery|Menswear","Health & Beauty","70","US","Distacart is an e-commerce marketplace that sells Indian products to overseas markets. With 60,000+ product catalogue including Ayurvedic & Homeopathic products, beauty and personal care products, India","https://ui.awin.com/images/upload/merchant/profile/95519.png","https://www.distacart.com/"
"127997","New Learning Network","","0.00","0.00","2026-06-19","amber","exposurelevel1","0","no","no","0","0","0","0","30","","Education Training & Recruitment|Software Downloads|Tourism & Attractions","Education, Training & Recruitment","null","US","Multi Lingual Learning Platform 
> Commission: 30% base commission +40% launch bonus available
> Cookie duration: 30 days
> New Partners - 50% off with code "" LINGZIO50 ""","https://ui.awin.com/images/upload/merchant/profile/127997.png","https://lingzio.com/"
"71453","Dr. Speron's Natural Skin Care, LLC","14.2857","100.00","0.61","2025-07-29","green","none","61.7274","yes","yes","0","0","0","0","45","Retail & Shopping","Health & Beauty","Health & Beauty","76","US","Dr. Speron’s Natural Skin Care is a premium, all-natural skincare products line developed by a certified plastic surgeon to achieve healthier, more youthful skin using the power of cellular oxygenation.","https://ui.awin.com/images/upload/merchant/profile/71453.png","https://www.DrSperonsNaturalSkinCare.com"
"129093","brkox","","0.00","0.00","2026-07-27","amber","exposurelevel4","0","yes","no","0","0","0","0","30","Retail & Shopping","DIY|Home & Garden","DIY","null","US","BRKOX creates premium display frames and cases for LEGO® collectors, helping enthusiasts turn their builds into stunning home displays.","https://ui.awin.com/images/upload/merchant/profile/129093.png","https://brkox.com/"
"129433","Uzari","","0.00","0.00","2026-08-04","amber","exposurelevel1","0","yes","no","0","0","0","0","30","","Health & Beauty","Health & Beauty","null","US","Premium body care with purpose. Clean, plant-based skincare rooted in African tradition, stocked at Nordstrom and Target. Earn 20% launch commission (then 15%), 30-day cookie. Every purchase educates a woman in Ghana. High AOV and a story that converts","https://ui.awin.com/images/upload/merchant/profile/129433.png","https://uzariskincare.com/"
