brand,advertiser_id,account,joined_on_accounts,status,website,category,used_on_sites,affiliate_link,affiliate_link_3075433,html_link,deep_link_prefix,deep_link_home,logo_url,awin_profile
Abracadabra NYC,83201,3067297,3067297,joined,https://abracadabranyc.com/,Clothing,costumescout,https://www.awin1.com/cread.php?awinmid=83201&awinaffid=3067297,,"<a href=""https://www.awin1.com/cread.php?awinmid=83201&awinaffid=3067297"" target=""_blank"" rel=""sponsored noopener"">Abracadabra NYC</a>",https://www.awin1.com/cread.php?awinmid=83201&awinaffid=3067297&ued=,https://www.awin1.com/cread.php?awinmid=83201&awinaffid=3067297&ued=https%3A%2F%2Fabracadabranyc.com%2F,https://ui.awin.com/images/upload/merchant/profile/83201.png,https://ui.awin.com/merchant-profile/83201
Alison US CA,120101,3067297,3067297 + 3075433,joined,https://alison.com/,"Education, Training & Recruitment",realskillset,https://www.awin1.com/cread.php?awinmid=120101&awinaffid=3067297,https://www.awin1.com/cread.php?awinmid=120101&awinaffid=3075433,"<a href=""https://www.awin1.com/cread.php?awinmid=120101&awinaffid=3067297"" target=""_blank"" rel=""sponsored noopener"">Alison US CA</a>",https://www.awin1.com/cread.php?awinmid=120101&awinaffid=3067297&ued=,https://www.awin1.com/cread.php?awinmid=120101&awinaffid=3067297&ued=https%3A%2F%2Falison.com%2F,https://ui.awin.com/images/upload/merchant/profile/120101.png,https://ui.awin.com/merchant-profile/120101
Allove Hair (Xuchang Aixiu),50899,3067297,3067297,joined,https://www.allovehair.com/,Clothing Accessories,hairstyle.company,https://www.awin1.com/cread.php?awinmid=50899&awinaffid=3067297,,"<a href=""https://www.awin1.com/cread.php?awinmid=50899&awinaffid=3067297"" target=""_blank"" rel=""sponsored noopener"">Allove Hair (Xuchang Aixiu)</a>",https://www.awin1.com/cread.php?awinmid=50899&awinaffid=3067297&ued=,https://www.awin1.com/cread.php?awinmid=50899&awinaffid=3067297&ued=https%3A%2F%2Fwww.allovehair.com%2F,https://ui.awin.com/images/upload/merchant/profile/50899.png,https://ui.awin.com/merchant-profile/50899
AlorAir Crawlspace,104549,3067297,3067297,joined,https://www.aloraircrawlspace.com/,Home & Garden,homewellnessdeals,https://www.awin1.com/cread.php?awinmid=104549&awinaffid=3067297,,"<a href=""https://www.awin1.com/cread.php?awinmid=104549&awinaffid=3067297"" target=""_blank"" rel=""sponsored noopener"">AlorAir Crawlspace</a>",https://www.awin1.com/cread.php?awinmid=104549&awinaffid=3067297&ued=,https://www.awin1.com/cread.php?awinmid=104549&awinaffid=3067297&ued=https%3A%2F%2Fwww.aloraircrawlspace.com%2F,https://ui.awin.com/images/upload/merchant/profile/104549.png,https://ui.awin.com/merchant-profile/104549
AlorAir – The Dry Air,124284,3067297,3067297,joined,https://thedryair.com/,Department Stores,homewellnessdeals,https://www.awin1.com/cread.php?awinmid=124284&awinaffid=3067297,,"<a href=""https://www.awin1.com/cread.php?awinmid=124284&awinaffid=3067297"" target=""_blank"" rel=""sponsored noopener"">AlorAir – The Dry Air</a>",https://www.awin1.com/cread.php?awinmid=124284&awinaffid=3067297&ued=,https://www.awin1.com/cread.php?awinmid=124284&awinaffid=3067297&ued=https%3A%2F%2Fthedryair.com%2F,https://ui.awin.com/images/upload/merchant/profile/124284.png,https://ui.awin.com/merchant-profile/124284
Argendon,126513,3067297,3067297,joined,https://www.argendon.com/,Home & Garden,homewellnessdeals,https://www.awin1.com/cread.php?awinmid=126513&awinaffid=3067297,,"<a href=""https://www.awin1.com/cread.php?awinmid=126513&awinaffid=3067297"" target=""_blank"" rel=""sponsored noopener"">Argendon</a>",https://www.awin1.com/cread.php?awinmid=126513&awinaffid=3067297&ued=,https://www.awin1.com/cread.php?awinmid=126513&awinaffid=3067297&ued=https%3A%2F%2Fwww.argendon.com%2F,https://ui.awin.com/images/upload/merchant/profile/126513.png,https://ui.awin.com/merchant-profile/126513
Blimburn Seeds,113386,3067297,3067297,joined,https://blimburnseeds.com/,Home & Garden,flowerofheaven,https://www.awin1.com/cread.php?awinmid=113386&awinaffid=3067297,,"<a href=""https://www.awin1.com/cread.php?awinmid=113386&awinaffid=3067297"" target=""_blank"" rel=""sponsored noopener"">Blimburn Seeds</a>",https://www.awin1.com/cread.php?awinmid=113386&awinaffid=3067297&ued=,https://www.awin1.com/cread.php?awinmid=113386&awinaffid=3067297&ued=https%3A%2F%2Fblimburnseeds.com%2F,https://ui.awin.com/images/upload/merchant/profile/113386.png,https://ui.awin.com/merchant-profile/113386
BRKOX,129093,3067297,3067297,joined,https://brkox.com/,DIY,homewellnessdeals,https://www.awin1.com/cread.php?awinmid=129093&awinaffid=3067297,,"<a href=""https://www.awin1.com/cread.php?awinmid=129093&awinaffid=3067297"" target=""_blank"" rel=""sponsored noopener"">BRKOX</a>",https://www.awin1.com/cread.php?awinmid=129093&awinaffid=3067297&ued=,https://www.awin1.com/cread.php?awinmid=129093&awinaffid=3067297&ued=https%3A%2F%2Fbrkox.com%2F,https://ui.awin.com/images/upload/merchant/profile/129093.png,https://ui.awin.com/merchant-profile/129093
Brookwood Med,124250,3067297,3067297,joined,https://brookwoodmed.com/,Health & Beauty,medicalsupplie,https://www.awin1.com/cread.php?awinmid=124250&awinaffid=3067297,,"<a href=""https://www.awin1.com/cread.php?awinmid=124250&awinaffid=3067297"" target=""_blank"" rel=""sponsored noopener"">Brookwood Med</a>",https://www.awin1.com/cread.php?awinmid=124250&awinaffid=3067297&ued=,https://www.awin1.com/cread.php?awinmid=124250&awinaffid=3067297&ued=https%3A%2F%2Fbrookwoodmed.com%2F,https://ui.awin.com/images/upload/merchant/profile/124250.png,https://ui.awin.com/merchant-profile/124250
Canvas Vows,90193,3067297,3067297,joined,https://www.canvasvows.com/,Home & Garden,luxurytravel,https://www.awin1.com/cread.php?awinmid=90193&awinaffid=3067297,,"<a href=""https://www.awin1.com/cread.php?awinmid=90193&awinaffid=3067297"" target=""_blank"" rel=""sponsored noopener"">Canvas Vows</a>",https://www.awin1.com/cread.php?awinmid=90193&awinaffid=3067297&ued=,https://www.awin1.com/cread.php?awinmid=90193&awinaffid=3067297&ued=https%3A%2F%2Fwww.canvasvows.com%2F,https://ui.awin.com/images/upload/merchant/profile/90193.png,https://ui.awin.com/merchant-profile/90193
Contactlensesplus Affiliate US,127209,3067297,3067297,joined,https://www.contactlensesplus.com/,Health & Beauty,lensloop,https://www.awin1.com/cread.php?awinmid=127209&awinaffid=3067297,,"<a href=""https://www.awin1.com/cread.php?awinmid=127209&awinaffid=3067297"" target=""_blank"" rel=""sponsored noopener"">Contactlensesplus Affiliate US</a>",https://www.awin1.com/cread.php?awinmid=127209&awinaffid=3067297&ued=,https://www.awin1.com/cread.php?awinmid=127209&awinaffid=3067297&ued=https%3A%2F%2Fwww.contactlensesplus.com%2F,https://ui.awin.com/images/upload/merchant/profile/127209.png,https://ui.awin.com/merchant-profile/127209
Cozeware,123618,3067297,3067297,joined,https://www.cozeware.com/,Home & Garden,homewellnessdeals,https://www.awin1.com/cread.php?awinmid=123618&awinaffid=3067297,,"<a href=""https://www.awin1.com/cread.php?awinmid=123618&awinaffid=3067297"" target=""_blank"" rel=""sponsored noopener"">Cozeware</a>",https://www.awin1.com/cread.php?awinmid=123618&awinaffid=3067297&ued=,https://www.awin1.com/cread.php?awinmid=123618&awinaffid=3067297&ued=https%3A%2F%2Fwww.cozeware.com%2F,https://ui.awin.com/images/upload/merchant/profile/123618.png,https://ui.awin.com/merchant-profile/123618
DeerRun UK,106313,3067297,3067297,joined,https://uk.deerruntreadmill.com/,Sports Equipment,buybeststores.uk,https://www.awin1.com/cread.php?awinmid=106313&awinaffid=3067297,,"<a href=""https://www.awin1.com/cread.php?awinmid=106313&awinaffid=3067297"" target=""_blank"" rel=""sponsored noopener"">DeerRun UK</a>",https://www.awin1.com/cread.php?awinmid=106313&awinaffid=3067297&ued=,https://www.awin1.com/cread.php?awinmid=106313&awinaffid=3067297&ued=https%3A%2F%2Fuk.deerruntreadmill.com%2F,https://ui.awin.com/images/upload/merchant/profile/106313.png,https://ui.awin.com/merchant-profile/106313
Dima Eyewear (US),128033,3067297,3067297,joined,https://dimaeyewear.com/,Clothing Accessories,lensloop,https://www.awin1.com/cread.php?awinmid=128033&awinaffid=3067297,,"<a href=""https://www.awin1.com/cread.php?awinmid=128033&awinaffid=3067297"" target=""_blank"" rel=""sponsored noopener"">Dima Eyewear (US)</a>",https://www.awin1.com/cread.php?awinmid=128033&awinaffid=3067297&ued=,https://www.awin1.com/cread.php?awinmid=128033&awinaffid=3067297&ued=https%3A%2F%2Fdimaeyewear.com%2F,https://ui.awin.com/images/upload/merchant/profile/128033.png,https://ui.awin.com/merchant-profile/128033
Distacart,95519,3067297,3067297,joined,https://www.distacart.com/,Health & Beauty,desi.markets,https://www.awin1.com/cread.php?awinmid=95519&awinaffid=3067297,,"<a href=""https://www.awin1.com/cread.php?awinmid=95519&awinaffid=3067297"" target=""_blank"" rel=""sponsored noopener"">Distacart</a>",https://www.awin1.com/cread.php?awinmid=95519&awinaffid=3067297&ued=,https://www.awin1.com/cread.php?awinmid=95519&awinaffid=3067297&ued=https%3A%2F%2Fwww.distacart.com%2F,https://ui.awin.com/images/upload/merchant/profile/95519.png,https://ui.awin.com/merchant-profile/95519
"Dr. Speron's Natural Skin Care, LLC",71453,3067297,3067297,joined,https://www.DrSperonsNaturalSkinCare.com/,Health & Beauty,,https://www.awin1.com/cread.php?awinmid=71453&awinaffid=3067297,,"<a href=""https://www.awin1.com/cread.php?awinmid=71453&awinaffid=3067297"" target=""_blank"" rel=""sponsored noopener"">Dr. Speron's Natural Skin Care, LLC</a>",https://www.awin1.com/cread.php?awinmid=71453&awinaffid=3067297&ued=,https://www.awin1.com/cread.php?awinmid=71453&awinaffid=3067297&ued=https%3A%2F%2Fwww.DrSperonsNaturalSkinCare.com%2F,https://ui.awin.com/images/upload/merchant/profile/71453.png,https://ui.awin.com/merchant-profile/71453
EasyClaw,126975,3067297,3067297,joined,https://easyclaw.com/,Software Downloads,getservices,https://www.awin1.com/cread.php?awinmid=126975&awinaffid=3067297,,"<a href=""https://www.awin1.com/cread.php?awinmid=126975&awinaffid=3067297"" target=""_blank"" rel=""sponsored noopener"">EasyClaw</a>",https://www.awin1.com/cread.php?awinmid=126975&awinaffid=3067297&ued=,https://www.awin1.com/cread.php?awinmid=126975&awinaffid=3067297&ued=https%3A%2F%2Feasyclaw.com%2F,https://ui.awin.com/images/upload/merchant/profile/126975.png,https://ui.awin.com/merchant-profile/126975
Eonon (US),32471,3067297,3067297,joined,https://www.eonon.com/,Audio Visual,drivezone,https://www.awin1.com/cread.php?awinmid=32471&awinaffid=3067297,,"<a href=""https://www.awin1.com/cread.php?awinmid=32471&awinaffid=3067297"" target=""_blank"" rel=""sponsored noopener"">Eonon (US)</a>",https://www.awin1.com/cread.php?awinmid=32471&awinaffid=3067297&ued=,https://www.awin1.com/cread.php?awinmid=32471&awinaffid=3067297&ued=https%3A%2F%2Fwww.eonon.com%2F,https://ui.awin.com/images/upload/merchant/profile/32471.png,https://ui.awin.com/merchant-profile/32471
Evago (US),127793,3067297,3067297,joined,https://evago.org/,Travel Agencies,flyhorizons,https://www.awin1.com/cread.php?awinmid=127793&awinaffid=3067297,,"<a href=""https://www.awin1.com/cread.php?awinmid=127793&awinaffid=3067297"" target=""_blank"" rel=""sponsored noopener"">Evago (US)</a>",https://www.awin1.com/cread.php?awinmid=127793&awinaffid=3067297&ued=,https://www.awin1.com/cread.php?awinmid=127793&awinaffid=3067297&ued=https%3A%2F%2Fevago.org%2F,https://ui.awin.com/images/upload/merchant/profile/127793.png,https://ui.awin.com/merchant-profile/127793
Everblog US,128579,3075433,3075433,joined,https://everblog.com/,Electronic Accessories,coupondepots,https://www.awin1.com/cread.php?awinmid=128579&awinaffid=3075433,https://www.awin1.com/cread.php?awinmid=128579&awinaffid=3075433,"<a href=""https://www.awin1.com/cread.php?awinmid=128579&awinaffid=3075433"" target=""_blank"" rel=""sponsored noopener"">Everblog US</a>",https://www.awin1.com/cread.php?awinmid=128579&awinaffid=3075433&ued=,https://www.awin1.com/cread.php?awinmid=128579&awinaffid=3075433&ued=https%3A%2F%2Feverblog.com%2F,https://ui.awin.com/images/upload/merchant/profile/128579.png,https://ui.awin.com/merchant-profile/128579
EverLeakProof US,121298,3067297,3067297 + 3075433,joined,https://everleakproof.com/,Lingerie,curated4her,https://www.awin1.com/cread.php?awinmid=121298&awinaffid=3067297,https://www.awin1.com/cread.php?awinmid=121298&awinaffid=3075433,"<a href=""https://www.awin1.com/cread.php?awinmid=121298&awinaffid=3067297"" target=""_blank"" rel=""sponsored noopener"">EverLeakProof US</a>",https://www.awin1.com/cread.php?awinmid=121298&awinaffid=3067297&ued=,https://www.awin1.com/cread.php?awinmid=121298&awinaffid=3067297&ued=https%3A%2F%2Feverleakproof.com%2F,https://ui.awin.com/images/upload/merchant/profile/121298.png,https://ui.awin.com/merchant-profile/121298
Eydology,124966,3067297,3067297 + 3075433,joined,https://eydology.com/,Health & Beauty,"lensloop, medicalsupplie",https://www.awin1.com/cread.php?awinmid=124966&awinaffid=3067297,https://www.awin1.com/cread.php?awinmid=124966&awinaffid=3075433,"<a href=""https://www.awin1.com/cread.php?awinmid=124966&awinaffid=3067297"" target=""_blank"" rel=""sponsored noopener"">Eydology</a>",https://www.awin1.com/cread.php?awinmid=124966&awinaffid=3067297&ued=,https://www.awin1.com/cread.php?awinmid=124966&awinaffid=3067297&ued=https%3A%2F%2Feydology.com%2F,https://ui.awin.com/images/upload/merchant/profile/124966.png,https://ui.awin.com/merchant-profile/124966
Finitex (Titans Medicare),117741,3067297,3067297,joined,https://www.titansmedicare.com/,Health & Beauty,medicalsupplie,https://www.awin1.com/cread.php?awinmid=117741&awinaffid=3067297,,"<a href=""https://www.awin1.com/cread.php?awinmid=117741&awinaffid=3067297"" target=""_blank"" rel=""sponsored noopener"">Finitex (Titans Medicare)</a>",https://www.awin1.com/cread.php?awinmid=117741&awinaffid=3067297&ued=,https://www.awin1.com/cread.php?awinmid=117741&awinaffid=3067297&ued=https%3A%2F%2Fwww.titansmedicare.com%2F,https://ui.awin.com/images/upload/merchant/profile/117741.png,https://ui.awin.com/merchant-profile/117741
Foreo US,73936,3067297,3067297,joined,https://www.foreo.com/,Health & Beauty,glowsculpt,https://www.awin1.com/cread.php?awinmid=73936&awinaffid=3067297,,"<a href=""https://www.awin1.com/cread.php?awinmid=73936&awinaffid=3067297"" target=""_blank"" rel=""sponsored noopener"">Foreo US</a>",https://www.awin1.com/cread.php?awinmid=73936&awinaffid=3067297&ued=,https://www.awin1.com/cread.php?awinmid=73936&awinaffid=3067297&ued=https%3A%2F%2Fwww.foreo.com%2F,https://ui.awin.com/images/upload/merchant/profile/73936.png,https://ui.awin.com/merchant-profile/73936
FullScopeMD,130233,3067297,3067297,joined,https://www.fullscopemd.com/,Health & Beauty,medicalsupplie,https://www.awin1.com/cread.php?awinmid=130233&awinaffid=3067297,,"<a href=""https://www.awin1.com/cread.php?awinmid=130233&awinaffid=3067297"" target=""_blank"" rel=""sponsored noopener"">FullScopeMD</a>",https://www.awin1.com/cread.php?awinmid=130233&awinaffid=3067297&ued=,https://www.awin1.com/cread.php?awinmid=130233&awinaffid=3067297&ued=https%3A%2F%2Fwww.fullscopemd.com%2F,https://ui.awin.com/images/upload/merchant/profile/130233.png,https://ui.awin.com/merchant-profile/130233
Giftlab,95201,3067297,3067297 + 3075433,joined,https://www.giftlab.com/,Gifts & Flowers,"curated4her, homewellnessdeals",https://www.awin1.com/cread.php?awinmid=95201&awinaffid=3067297,https://www.awin1.com/cread.php?awinmid=95201&awinaffid=3075433,"<a href=""https://www.awin1.com/cread.php?awinmid=95201&awinaffid=3067297"" target=""_blank"" rel=""sponsored noopener"">Giftlab</a>",https://www.awin1.com/cread.php?awinmid=95201&awinaffid=3067297&ued=,https://www.awin1.com/cread.php?awinmid=95201&awinaffid=3067297&ued=https%3A%2F%2Fwww.giftlab.com%2F,https://ui.awin.com/images/upload/merchant/profile/95201.png,https://ui.awin.com/merchant-profile/95201
HappyPatina US,117035,3067297,3067297,joined,https://happypatina.com/,Clothing Accessories,homewellnessdeals,https://www.awin1.com/cread.php?awinmid=117035&awinaffid=3067297,,"<a href=""https://www.awin1.com/cread.php?awinmid=117035&awinaffid=3067297"" target=""_blank"" rel=""sponsored noopener"">HappyPatina US</a>",https://www.awin1.com/cread.php?awinmid=117035&awinaffid=3067297&ued=,https://www.awin1.com/cread.php?awinmid=117035&awinaffid=3067297&ued=https%3A%2F%2Fhappypatina.com%2F,https://ui.awin.com/images/upload/merchant/profile/117035.png,https://ui.awin.com/merchant-profile/117035
Hey Happiness (Sparkle GmbH),111366,3067297,3067297,joined,https://www.heyhappiness.com/,Clothing Accessories,jewllery,https://www.awin1.com/cread.php?awinmid=111366&awinaffid=3067297,,"<a href=""https://www.awin1.com/cread.php?awinmid=111366&awinaffid=3067297"" target=""_blank"" rel=""sponsored noopener"">Hey Happiness (Sparkle GmbH)</a>",https://www.awin1.com/cread.php?awinmid=111366&awinaffid=3067297&ued=,https://www.awin1.com/cread.php?awinmid=111366&awinaffid=3067297&ued=https%3A%2F%2Fwww.heyhappiness.com%2F,https://ui.awin.com/images/upload/merchant/profile/111366.png,https://ui.awin.com/merchant-profile/111366
imarku,78080,3067297,3067297,joined,https://imarku.net/,Home & Garden,homewellnessdeals,https://www.awin1.com/cread.php?awinmid=78080&awinaffid=3067297,,"<a href=""https://www.awin1.com/cread.php?awinmid=78080&awinaffid=3067297"" target=""_blank"" rel=""sponsored noopener"">imarku</a>",https://www.awin1.com/cread.php?awinmid=78080&awinaffid=3067297&ued=,https://www.awin1.com/cread.php?awinmid=78080&awinaffid=3067297&ued=https%3A%2F%2Fimarku.net%2F,https://ui.awin.com/images/upload/merchant/profile/78080.png,https://ui.awin.com/merchant-profile/78080
Ishow Hair,50707,3067297,3067297,joined,https://ishowbeauty.com/,Clothing Accessories,,https://www.awin1.com/cread.php?awinmid=50707&awinaffid=3067297,,"<a href=""https://www.awin1.com/cread.php?awinmid=50707&awinaffid=3067297"" target=""_blank"" rel=""sponsored noopener"">Ishow Hair</a>",https://www.awin1.com/cread.php?awinmid=50707&awinaffid=3067297&ued=,https://www.awin1.com/cread.php?awinmid=50707&awinaffid=3067297&ued=https%3A%2F%2Fishowbeauty.com%2F,https://ui.awin.com/images/upload/merchant/profile/50707.png,https://ui.awin.com/merchant-profile/50707
Jumy Bee - US,129553,3067297,3067297,joined,https://jumybee.com/,Health & Beauty,hairstyle.company,https://www.awin1.com/cread.php?awinmid=129553&awinaffid=3067297,,"<a href=""https://www.awin1.com/cread.php?awinmid=129553&awinaffid=3067297"" target=""_blank"" rel=""sponsored noopener"">Jumy Bee - US</a>",https://www.awin1.com/cread.php?awinmid=129553&awinaffid=3067297&ued=,https://www.awin1.com/cread.php?awinmid=129553&awinaffid=3067297&ued=https%3A%2F%2Fjumybee.com%2F,https://ui.awin.com/images/upload/merchant/profile/129553.png,https://ui.awin.com/merchant-profile/129553
King Koil,115216,3075433,3075433,joined,https://www.kingkoilairbeds.com/,Furniture & Soft Furnishings,coupondepots,https://www.awin1.com/cread.php?awinmid=115216&awinaffid=3075433,https://www.awin1.com/cread.php?awinmid=115216&awinaffid=3075433,"<a href=""https://www.awin1.com/cread.php?awinmid=115216&awinaffid=3075433"" target=""_blank"" rel=""sponsored noopener"">King Koil</a>",https://www.awin1.com/cread.php?awinmid=115216&awinaffid=3075433&ued=,https://www.awin1.com/cread.php?awinmid=115216&awinaffid=3075433&ued=https%3A%2F%2Fwww.kingkoilairbeds.com%2F,https://ui.awin.com/images/upload/merchant/profile/115216.png,https://ui.awin.com/merchant-profile/115216
Kings Camo (US),116187,3067297,3067297,joined,https://www.kingscamo.com/,Clothing,outdoorsports,https://www.awin1.com/cread.php?awinmid=116187&awinaffid=3067297,,"<a href=""https://www.awin1.com/cread.php?awinmid=116187&awinaffid=3067297"" target=""_blank"" rel=""sponsored noopener"">Kings Camo (US)</a>",https://www.awin1.com/cread.php?awinmid=116187&awinaffid=3067297&ued=,https://www.awin1.com/cread.php?awinmid=116187&awinaffid=3067297&ued=https%3A%2F%2Fwww.kingscamo.com%2F,https://ui.awin.com/images/upload/merchant/profile/116187.png,https://ui.awin.com/merchant-profile/116187
LandJet,128231,3067297,3067297,joined,https://landjet.com/,Travel Agencies,flyhorizons,https://www.awin1.com/cread.php?awinmid=128231&awinaffid=3067297,,"<a href=""https://www.awin1.com/cread.php?awinmid=128231&awinaffid=3067297"" target=""_blank"" rel=""sponsored noopener"">LandJet</a>",https://www.awin1.com/cread.php?awinmid=128231&awinaffid=3067297&ued=,https://www.awin1.com/cread.php?awinmid=128231&awinaffid=3067297&ued=https%3A%2F%2Flandjet.com%2F,https://ui.awin.com/images/upload/merchant/profile/128231.png,https://ui.awin.com/merchant-profile/128231
Lapert CZ,54357,3067297,3067297,joined,https://www.lapert.cz/,Womenswear,"buybeststore, jewllery",https://www.awin1.com/cread.php?awinmid=54357&awinaffid=3067297,,"<a href=""https://www.awin1.com/cread.php?awinmid=54357&awinaffid=3067297"" target=""_blank"" rel=""sponsored noopener"">Lapert CZ</a>",https://www.awin1.com/cread.php?awinmid=54357&awinaffid=3067297&ued=,https://www.awin1.com/cread.php?awinmid=54357&awinaffid=3067297&ued=https%3A%2F%2Fwww.lapert.cz%2F,https://ui.awin.com/images/upload/merchant/profile/54357.png,https://ui.awin.com/merchant-profile/54357
Lapert SK,54359,3067297,3067297,joined,https://www.lapert.sk/,Womenswear,jewllery,https://www.awin1.com/cread.php?awinmid=54359&awinaffid=3067297,,"<a href=""https://www.awin1.com/cread.php?awinmid=54359&awinaffid=3067297"" target=""_blank"" rel=""sponsored noopener"">Lapert SK</a>",https://www.awin1.com/cread.php?awinmid=54359&awinaffid=3067297&ued=,https://www.awin1.com/cread.php?awinmid=54359&awinaffid=3067297&ued=https%3A%2F%2Fwww.lapert.sk%2F,https://ui.awin.com/images/upload/merchant/profile/54359.png,https://ui.awin.com/merchant-profile/54359
Lunzo AT,114104,3067297,3067297,joined,https://www.lunzo.at/,Department Stores,buybeststore,https://www.awin1.com/cread.php?awinmid=114104&awinaffid=3067297,,"<a href=""https://www.awin1.com/cread.php?awinmid=114104&awinaffid=3067297"" target=""_blank"" rel=""sponsored noopener"">Lunzo AT</a>",https://www.awin1.com/cread.php?awinmid=114104&awinaffid=3067297&ued=,https://www.awin1.com/cread.php?awinmid=114104&awinaffid=3067297&ued=https%3A%2F%2Fwww.lunzo.at%2F,https://ui.awin.com/images/upload/merchant/profile/114104.png,https://ui.awin.com/merchant-profile/114104
Lunzo CZ,54355,3067297,3067297,joined,https://www.lunzo.cz/,Womenswear,buybeststore,https://www.awin1.com/cread.php?awinmid=54355&awinaffid=3067297,,"<a href=""https://www.awin1.com/cread.php?awinmid=54355&awinaffid=3067297"" target=""_blank"" rel=""sponsored noopener"">Lunzo CZ</a>",https://www.awin1.com/cread.php?awinmid=54355&awinaffid=3067297&ued=,https://www.awin1.com/cread.php?awinmid=54355&awinaffid=3067297&ued=https%3A%2F%2Fwww.lunzo.cz%2F,https://ui.awin.com/images/upload/merchant/profile/54355.png,https://ui.awin.com/merchant-profile/54355
Lunzo DE,69786,3067297,3067297,joined,https://www.lunzo.de/,Home & Garden,buybeststore,https://www.awin1.com/cread.php?awinmid=69786&awinaffid=3067297,,"<a href=""https://www.awin1.com/cread.php?awinmid=69786&awinaffid=3067297"" target=""_blank"" rel=""sponsored noopener"">Lunzo DE</a>",https://www.awin1.com/cread.php?awinmid=69786&awinaffid=3067297&ued=,https://www.awin1.com/cread.php?awinmid=69786&awinaffid=3067297&ued=https%3A%2F%2Fwww.lunzo.de%2F,https://ui.awin.com/images/upload/merchant/profile/69786.png,https://ui.awin.com/merchant-profile/69786
Lunzo HU,40452,3067297,3067297,joined,https://www.lunzo.hu/,Entertainment Superstore,buybeststore,https://www.awin1.com/cread.php?awinmid=40452&awinaffid=3067297,,"<a href=""https://www.awin1.com/cread.php?awinmid=40452&awinaffid=3067297"" target=""_blank"" rel=""sponsored noopener"">Lunzo HU</a>",https://www.awin1.com/cread.php?awinmid=40452&awinaffid=3067297&ued=,https://www.awin1.com/cread.php?awinmid=40452&awinaffid=3067297&ued=https%3A%2F%2Fwww.lunzo.hu%2F,https://ui.awin.com/images/upload/merchant/profile/40452.png,https://ui.awin.com/merchant-profile/40452
lunzo PL,40454,3067297,3067297,joined,https://www.lunzo.pl/,Entertainment Superstore,,https://www.awin1.com/cread.php?awinmid=40454&awinaffid=3067297,,"<a href=""https://www.awin1.com/cread.php?awinmid=40454&awinaffid=3067297"" target=""_blank"" rel=""sponsored noopener"">lunzo PL</a>",https://www.awin1.com/cread.php?awinmid=40454&awinaffid=3067297&ued=,https://www.awin1.com/cread.php?awinmid=40454&awinaffid=3067297&ued=https%3A%2F%2Fwww.lunzo.pl%2F,https://ui.awin.com/images/upload/merchant/profile/40454.png,https://ui.awin.com/merchant-profile/40454
Lunzo RO,40456,3067297,3067297,joined,https://www.lunzo.ro/,Entertainment Superstore,,https://www.awin1.com/cread.php?awinmid=40456&awinaffid=3067297,,"<a href=""https://www.awin1.com/cread.php?awinmid=40456&awinaffid=3067297"" target=""_blank"" rel=""sponsored noopener"">Lunzo RO</a>",https://www.awin1.com/cread.php?awinmid=40456&awinaffid=3067297&ued=,https://www.awin1.com/cread.php?awinmid=40456&awinaffid=3067297&ued=https%3A%2F%2Fwww.lunzo.ro%2F,https://ui.awin.com/images/upload/merchant/profile/40456.png,https://ui.awin.com/merchant-profile/40456
Lunzo SK,54353,3067297,3067297,joined,https://www.lunzo.sk/,Womenswear,,https://www.awin1.com/cread.php?awinmid=54353&awinaffid=3067297,,"<a href=""https://www.awin1.com/cread.php?awinmid=54353&awinaffid=3067297"" target=""_blank"" rel=""sponsored noopener"">Lunzo SK</a>",https://www.awin1.com/cread.php?awinmid=54353&awinaffid=3067297&ued=,https://www.awin1.com/cread.php?awinmid=54353&awinaffid=3067297&ued=https%3A%2F%2Fwww.lunzo.sk%2F,https://ui.awin.com/images/upload/merchant/profile/54353.png,https://ui.awin.com/merchant-profile/54353
Maniana AI (US),125752,3075433,3075433,joined,https://app.maniana.ai/,Business Services (B2B),getservices,https://www.awin1.com/cread.php?awinmid=125752&awinaffid=3075433,https://www.awin1.com/cread.php?awinmid=125752&awinaffid=3075433,"<a href=""https://www.awin1.com/cread.php?awinmid=125752&awinaffid=3075433"" target=""_blank"" rel=""sponsored noopener"">Maniana AI (US)</a>",https://www.awin1.com/cread.php?awinmid=125752&awinaffid=3075433&ued=,https://www.awin1.com/cread.php?awinmid=125752&awinaffid=3075433&ued=https%3A%2F%2Fapp.maniana.ai%2F,https://ui.awin.com/images/upload/merchant/profile/125752.png,https://ui.awin.com/merchant-profile/125752
Minteefy,126089,3067297,3067297,joined,https://www.minteefy.com/,Home & Garden,homewellnessdeals,https://www.awin1.com/cread.php?awinmid=126089&awinaffid=3067297,,"<a href=""https://www.awin1.com/cread.php?awinmid=126089&awinaffid=3067297"" target=""_blank"" rel=""sponsored noopener"">Minteefy</a>",https://www.awin1.com/cread.php?awinmid=126089&awinaffid=3067297&ued=,https://www.awin1.com/cread.php?awinmid=126089&awinaffid=3067297&ued=https%3A%2F%2Fwww.minteefy.com%2F,https://ui.awin.com/images/upload/merchant/profile/126089.png,https://ui.awin.com/merchant-profile/126089
Monvane,127859,3067297,3067297,joined,https://monvane.com/,Home & Garden,homewellnessdeals,https://www.awin1.com/cread.php?awinmid=127859&awinaffid=3067297,,"<a href=""https://www.awin1.com/cread.php?awinmid=127859&awinaffid=3067297"" target=""_blank"" rel=""sponsored noopener"">Monvane</a>",https://www.awin1.com/cread.php?awinmid=127859&awinaffid=3067297&ued=,https://www.awin1.com/cread.php?awinmid=127859&awinaffid=3067297&ued=https%3A%2F%2Fmonvane.com%2F,https://ui.awin.com/images/upload/merchant/profile/127859.png,https://ui.awin.com/merchant-profile/127859
New Learning Network,127997,3067297,3067297,joined,https://lingzio.com/,"Education, Training & Recruitment",realskillset,https://www.awin1.com/cread.php?awinmid=127997&awinaffid=3067297,,"<a href=""https://www.awin1.com/cread.php?awinmid=127997&awinaffid=3067297"" target=""_blank"" rel=""sponsored noopener"">New Learning Network</a>",https://www.awin1.com/cread.php?awinmid=127997&awinaffid=3067297&ued=,https://www.awin1.com/cread.php?awinmid=127997&awinaffid=3067297&ued=https%3A%2F%2Flingzio.com%2F,https://ui.awin.com/images/upload/merchant/profile/127997.png,https://ui.awin.com/merchant-profile/127997
Omara Jewelry,122380,3067297,3067297,joined,https://omara.pl/,Jewellery,jewllery,https://www.awin1.com/cread.php?awinmid=122380&awinaffid=3067297,,"<a href=""https://www.awin1.com/cread.php?awinmid=122380&awinaffid=3067297"" target=""_blank"" rel=""sponsored noopener"">Omara Jewelry</a>",https://www.awin1.com/cread.php?awinmid=122380&awinaffid=3067297&ued=,https://www.awin1.com/cread.php?awinmid=122380&awinaffid=3067297&ued=https%3A%2F%2Fomara.pl%2F,https://ui.awin.com/images/upload/merchant/profile/122380.png,https://ui.awin.com/merchant-profile/122380
OUTFITR (US),117613,3067297,3067297,joined,https://outfitrer.com/,Home & Garden,"outdoorhaulers, outdoorsports",https://www.awin1.com/cread.php?awinmid=117613&awinaffid=3067297,,"<a href=""https://www.awin1.com/cread.php?awinmid=117613&awinaffid=3067297"" target=""_blank"" rel=""sponsored noopener"">OUTFITR (US)</a>",https://www.awin1.com/cread.php?awinmid=117613&awinaffid=3067297&ued=,https://www.awin1.com/cread.php?awinmid=117613&awinaffid=3067297&ued=https%3A%2F%2Foutfitrer.com%2F,https://ui.awin.com/images/upload/merchant/profile/117613.png,https://ui.awin.com/merchant-profile/117613
PURTY BODY Affiliate Program,119629,3067297,3067297,joined,https://purtybody.com/,Lingerie,curated4her,https://www.awin1.com/cread.php?awinmid=119629&awinaffid=3067297,,"<a href=""https://www.awin1.com/cread.php?awinmid=119629&awinaffid=3067297"" target=""_blank"" rel=""sponsored noopener"">PURTY BODY Affiliate Program</a>",https://www.awin1.com/cread.php?awinmid=119629&awinaffid=3067297&ued=,https://www.awin1.com/cread.php?awinmid=119629&awinaffid=3067297&ued=https%3A%2F%2Fpurtybody.com%2F,https://ui.awin.com/images/upload/merchant/profile/119629.png,https://ui.awin.com/merchant-profile/119629
REVO (Revomadic),127003,3067297,3067297 + 3075433,joined,https://revomadic.com/,Health & Beauty,medicalsupplie,https://www.awin1.com/cread.php?awinmid=127003&awinaffid=3067297,https://www.awin1.com/cread.php?awinmid=127003&awinaffid=3075433,"<a href=""https://www.awin1.com/cread.php?awinmid=127003&awinaffid=3067297"" target=""_blank"" rel=""sponsored noopener"">REVO (Revomadic)</a>",https://www.awin1.com/cread.php?awinmid=127003&awinaffid=3067297&ued=,https://www.awin1.com/cread.php?awinmid=127003&awinaffid=3067297&ued=https%3A%2F%2Frevomadic.com%2F,https://ui.awin.com/images/upload/merchant/profile/127003.png,https://ui.awin.com/merchant-profile/127003
Rewarx Studio AI,129153,3067297,3067297,joined,https://www.rewarx.com/,Business Services (B2B),getservices,https://www.awin1.com/cread.php?awinmid=129153&awinaffid=3067297,,"<a href=""https://www.awin1.com/cread.php?awinmid=129153&awinaffid=3067297"" target=""_blank"" rel=""sponsored noopener"">Rewarx Studio AI</a>",https://www.awin1.com/cread.php?awinmid=129153&awinaffid=3067297&ued=,https://www.awin1.com/cread.php?awinmid=129153&awinaffid=3067297&ued=https%3A%2F%2Fwww.rewarx.com%2F,https://ui.awin.com/images/upload/merchant/profile/129153.png,https://ui.awin.com/merchant-profile/129153
Rowabi,46127,3067297,3067297,joined,https://www.rowabi.com/,Home & Garden,,https://www.awin1.com/cread.php?awinmid=46127&awinaffid=3067297,,"<a href=""https://www.awin1.com/cread.php?awinmid=46127&awinaffid=3067297"" target=""_blank"" rel=""sponsored noopener"">Rowabi</a>",https://www.awin1.com/cread.php?awinmid=46127&awinaffid=3067297&ued=,https://www.awin1.com/cread.php?awinmid=46127&awinaffid=3067297&ued=https%3A%2F%2Fwww.rowabi.com%2F,https://ui.awin.com/images/upload/merchant/profile/46127.png,https://ui.awin.com/merchant-profile/46127
"SAILO, INC",92667,3067297,3067297 + 3075433,joined,https://www.sailo.com/,Toys & Games,"coupondepots, luxurytravel",https://www.awin1.com/cread.php?awinmid=92667&awinaffid=3067297,https://www.awin1.com/cread.php?awinmid=92667&awinaffid=3075433,"<a href=""https://www.awin1.com/cread.php?awinmid=92667&awinaffid=3067297"" target=""_blank"" rel=""sponsored noopener"">SAILO, INC</a>",https://www.awin1.com/cread.php?awinmid=92667&awinaffid=3067297&ued=,https://www.awin1.com/cread.php?awinmid=92667&awinaffid=3067297&ued=https%3A%2F%2Fwww.sailo.com%2F,https://ui.awin.com/images/upload/merchant/profile/92667.png,https://ui.awin.com/merchant-profile/92667
SamBoat US,32679,3067297,3067297,joined,https://www.samboat.com/,Cruises/Ferries,luxurytravel,https://www.awin1.com/cread.php?awinmid=32679&awinaffid=3067297,,"<a href=""https://www.awin1.com/cread.php?awinmid=32679&awinaffid=3067297"" target=""_blank"" rel=""sponsored noopener"">SamBoat US</a>",https://www.awin1.com/cread.php?awinmid=32679&awinaffid=3067297&ued=,https://www.awin1.com/cread.php?awinmid=32679&awinaffid=3067297&ued=https%3A%2F%2Fwww.samboat.com%2F,https://ui.awin.com/images/upload/merchant/profile/32679.png,https://ui.awin.com/merchant-profile/32679
SBLA Inc.,90879,3067297,3067297,joined,https://sbla.com/,Health & Beauty,glowsculpt,https://www.awin1.com/cread.php?awinmid=90879&awinaffid=3067297,,"<a href=""https://www.awin1.com/cread.php?awinmid=90879&awinaffid=3067297"" target=""_blank"" rel=""sponsored noopener"">SBLA Inc.</a>",https://www.awin1.com/cread.php?awinmid=90879&awinaffid=3067297&ued=,https://www.awin1.com/cread.php?awinmid=90879&awinaffid=3067297&ued=https%3A%2F%2Fsbla.com%2F,https://ui.awin.com/images/upload/merchant/profile/90879.png,https://ui.awin.com/merchant-profile/90879
Silver Brush,129485,3067297,3067297,joined,https://www.silverbrush.com/,Home & Garden,luxurytravel,https://www.awin1.com/cread.php?awinmid=129485&awinaffid=3067297,,"<a href=""https://www.awin1.com/cread.php?awinmid=129485&awinaffid=3067297"" target=""_blank"" rel=""sponsored noopener"">Silver Brush</a>",https://www.awin1.com/cread.php?awinmid=129485&awinaffid=3067297&ued=,https://www.awin1.com/cread.php?awinmid=129485&awinaffid=3067297&ued=https%3A%2F%2Fwww.silverbrush.com%2F,https://ui.awin.com/images/upload/merchant/profile/129485.png,https://ui.awin.com/merchant-profile/129485
Simple Project (Shenzhen Cangyu Technology),99013,3067297,3067297,joined,https://simpleprojectus.com/,Home & Garden,homewellnessdeals,https://www.awin1.com/cread.php?awinmid=99013&awinaffid=3067297,,"<a href=""https://www.awin1.com/cread.php?awinmid=99013&awinaffid=3067297"" target=""_blank"" rel=""sponsored noopener"">Simple Project (Shenzhen Cangyu Technology)</a>",https://www.awin1.com/cread.php?awinmid=99013&awinaffid=3067297&ued=,https://www.awin1.com/cread.php?awinmid=99013&awinaffid=3067297&ued=https%3A%2F%2Fsimpleprojectus.com%2F,https://ui.awin.com/images/upload/merchant/profile/99013.png,https://ui.awin.com/merchant-profile/99013
Toputure - US,125464,3067297,3067297,joined,https://toputure.com/,Sports Equipment,outdoorsports,https://www.awin1.com/cread.php?awinmid=125464&awinaffid=3067297,,"<a href=""https://www.awin1.com/cread.php?awinmid=125464&awinaffid=3067297"" target=""_blank"" rel=""sponsored noopener"">Toputure - US</a>",https://www.awin1.com/cread.php?awinmid=125464&awinaffid=3067297&ued=,https://www.awin1.com/cread.php?awinmid=125464&awinaffid=3067297&ued=https%3A%2F%2Ftoputure.com%2F,https://ui.awin.com/images/upload/merchant/profile/125464.png,https://ui.awin.com/merchant-profile/125464
Traverseon,124816,3067297,3067297,joined,https://traverseon.com/,Home & Garden,outdoorsports,https://www.awin1.com/cread.php?awinmid=124816&awinaffid=3067297,,"<a href=""https://www.awin1.com/cread.php?awinmid=124816&awinaffid=3067297"" target=""_blank"" rel=""sponsored noopener"">Traverseon</a>",https://www.awin1.com/cread.php?awinmid=124816&awinaffid=3067297&ued=,https://www.awin1.com/cread.php?awinmid=124816&awinaffid=3067297&ued=https%3A%2F%2Ftraverseon.com%2F,https://ui.awin.com/images/upload/merchant/profile/124816.png,https://ui.awin.com/merchant-profile/124816
Triple Bristle (US),121760,3067297,3067297,joined,https://www.triplebristle.com/,Health & Beauty,curated4her,https://www.awin1.com/cread.php?awinmid=121760&awinaffid=3067297,,"<a href=""https://www.awin1.com/cread.php?awinmid=121760&awinaffid=3067297"" target=""_blank"" rel=""sponsored noopener"">Triple Bristle (US)</a>",https://www.awin1.com/cread.php?awinmid=121760&awinaffid=3067297&ued=,https://www.awin1.com/cread.php?awinmid=121760&awinaffid=3067297&ued=https%3A%2F%2Fwww.triplebristle.com%2F,https://ui.awin.com/images/upload/merchant/profile/121760.png,https://ui.awin.com/merchant-profile/121760
Turbopass US,100613,3067297,3067297,joined,https://www.turbopass.com/,Tourism & Attractions,ezpass.uk,https://www.awin1.com/cread.php?awinmid=100613&awinaffid=3067297,,"<a href=""https://www.awin1.com/cread.php?awinmid=100613&awinaffid=3067297"" target=""_blank"" rel=""sponsored noopener"">Turbopass US</a>",https://www.awin1.com/cread.php?awinmid=100613&awinaffid=3067297&ued=,https://www.awin1.com/cread.php?awinmid=100613&awinaffid=3067297&ued=https%3A%2F%2Fwww.turbopass.com%2F,https://ui.awin.com/images/upload/merchant/profile/100613.png,https://ui.awin.com/merchant-profile/100613
UNice (US),39912,3067297,3067297,joined,https://m.unice.com/,Health & Beauty,hairstyle.company,https://www.awin1.com/cread.php?awinmid=39912&awinaffid=3067297,,"<a href=""https://www.awin1.com/cread.php?awinmid=39912&awinaffid=3067297"" target=""_blank"" rel=""sponsored noopener"">UNice (US)</a>",https://www.awin1.com/cread.php?awinmid=39912&awinaffid=3067297&ued=,https://www.awin1.com/cread.php?awinmid=39912&awinaffid=3067297&ued=https%3A%2F%2Fm.unice.com%2F,https://ui.awin.com/images/upload/merchant/profile/39912.png,https://ui.awin.com/merchant-profile/39912
Uzari,129433,3067297,3067297,joined,https://uzariskincare.com/,Health & Beauty,"curated4her, glowsculpt",https://www.awin1.com/cread.php?awinmid=129433&awinaffid=3067297,,"<a href=""https://www.awin1.com/cread.php?awinmid=129433&awinaffid=3067297"" target=""_blank"" rel=""sponsored noopener"">Uzari</a>",https://www.awin1.com/cread.php?awinmid=129433&awinaffid=3067297&ued=,https://www.awin1.com/cread.php?awinmid=129433&awinaffid=3067297&ued=https%3A%2F%2Fuzariskincare.com%2F,https://ui.awin.com/images/upload/merchant/profile/129433.png,https://ui.awin.com/merchant-profile/129433
Wavytalk,105835,3075433,3075433,joined,https://wavytalk.com/,Health & Beauty,,https://www.awin1.com/cread.php?awinmid=105835&awinaffid=3075433,https://www.awin1.com/cread.php?awinmid=105835&awinaffid=3075433,"<a href=""https://www.awin1.com/cread.php?awinmid=105835&awinaffid=3075433"" target=""_blank"" rel=""sponsored noopener"">Wavytalk</a>",https://www.awin1.com/cread.php?awinmid=105835&awinaffid=3075433&ued=,https://www.awin1.com/cread.php?awinmid=105835&awinaffid=3075433&ued=https%3A%2F%2Fwavytalk.com%2F,https://ui.awin.com/images/upload/merchant/profile/105835.png,https://ui.awin.com/merchant-profile/105835
WINGGOOD (WalkHero),37118,3067297,3067297,joined,https://walkhero.com/,Clothing Accessories,medicalsupplie,https://www.awin1.com/cread.php?awinmid=37118&awinaffid=3067297,,"<a href=""https://www.awin1.com/cread.php?awinmid=37118&awinaffid=3067297"" target=""_blank"" rel=""sponsored noopener"">WINGGOOD (WalkHero)</a>",https://www.awin1.com/cread.php?awinmid=37118&awinaffid=3067297&ued=,https://www.awin1.com/cread.php?awinmid=37118&awinaffid=3067297&ued=https%3A%2F%2Fwalkhero.com%2F,https://ui.awin.com/images/upload/merchant/profile/37118.png,https://ui.awin.com/merchant-profile/37118
World Businesses for Sale,116725,3067297,3067297 + 3075433,joined,https://worldbusinessesforsale.com/,Savings & Investments,businessbuy,https://www.awin1.com/cread.php?awinmid=116725&awinaffid=3067297,https://www.awin1.com/cread.php?awinmid=116725&awinaffid=3075433,"<a href=""https://www.awin1.com/cread.php?awinmid=116725&awinaffid=3067297"" target=""_blank"" rel=""sponsored noopener"">World Businesses for Sale</a>",https://www.awin1.com/cread.php?awinmid=116725&awinaffid=3067297&ued=,https://www.awin1.com/cread.php?awinmid=116725&awinaffid=3067297&ued=https%3A%2F%2Fworldbusinessesforsale.com%2F,https://ui.awin.com/images/upload/merchant/profile/116725.png,https://ui.awin.com/merchant-profile/116725
Yeloly,119761,3067297,3067297 + 3075433,joined,https://www.yeloly.com/,Erotic,,https://www.awin1.com/cread.php?awinmid=119761&awinaffid=3067297,https://www.awin1.com/cread.php?awinmid=119761&awinaffid=3075433,"<a href=""https://www.awin1.com/cread.php?awinmid=119761&awinaffid=3067297"" target=""_blank"" rel=""sponsored noopener"">Yeloly</a>",https://www.awin1.com/cread.php?awinmid=119761&awinaffid=3067297&ued=,https://www.awin1.com/cread.php?awinmid=119761&awinaffid=3067297&ued=https%3A%2F%2Fwww.yeloly.com%2F,https://ui.awin.com/images/upload/merchant/profile/119761.png,https://ui.awin.com/merchant-profile/119761
"ZAPAKA VINTAGE, Inc.",91139,3067297,3067297,joined,https://zapaka.com/,Clothing,curated4her,https://www.awin1.com/cread.php?awinmid=91139&awinaffid=3067297,,"<a href=""https://www.awin1.com/cread.php?awinmid=91139&awinaffid=3067297"" target=""_blank"" rel=""sponsored noopener"">ZAPAKA VINTAGE, Inc.</a>",https://www.awin1.com/cread.php?awinmid=91139&awinaffid=3067297&ued=,https://www.awin1.com/cread.php?awinmid=91139&awinaffid=3067297&ued=https%3A%2F%2Fzapaka.com%2F,https://ui.awin.com/images/upload/merchant/profile/91139.png,https://ui.awin.com/merchant-profile/91139
Zlike Hair,102013,3067297,3067297,joined,https://zlikehair.com/,Health & Beauty,hairstyle.company,https://www.awin1.com/cread.php?awinmid=102013&awinaffid=3067297,,"<a href=""https://www.awin1.com/cread.php?awinmid=102013&awinaffid=3067297"" target=""_blank"" rel=""sponsored noopener"">Zlike Hair</a>",https://www.awin1.com/cread.php?awinmid=102013&awinaffid=3067297&ued=,https://www.awin1.com/cread.php?awinmid=102013&awinaffid=3067297&ued=https%3A%2F%2Fzlikehair.com%2F,https://ui.awin.com/images/upload/merchant/profile/102013.png,https://ui.awin.com/merchant-profile/102013
