advertiser_id,brand,website,category,sub_categories,region,joined_on_accounts,primary_account,status,product_feed,cookie_days,epc,conversion_rate,approval_rate,payment_status,avg_payment_days,launch_date,logo_url,notes,description
83201,Abracadabra NYC,https://abracadabranyc.com/,Clothing,Clothing|Clothing Accessories|Erotic|Gadgets|Gifts & Flowers|Health & Beauty|Home & Garden|Jewellery|Lingerie|Menswear|Shoes|Toys & Games|Womenswear,US,3067297,3067297,joined,yes,45,0.08,4.36056,98.86,green,22,2025-05-29,https://ui.awin.com/images/upload/merchant/profile/83201.png,,"Welcome to AbracadabraNYC! Thanks For Checking Us Out! Website: https://abracadabranyc.com/ Since 1981 we're the world’s most unique magic & costume store, located in the heart of NYC!"
120101,Alison US CA,https://alison.com/,"Education, Training & Recruitment",Education Training & Recruitment,US,3067297;3075433,3067297,joined,yes,30,0.24,3.08223,98.40,amber,52,2025-12-06,https://ui.awin.com/images/upload/merchant/profile/120101.png,,"Founded in 2007, Alison is the world’s largest free online empowerment platform for education and skills training. We offer over 6000 CPD accredited courses and a range of impactful career development tools."
50899,Allove Hair (Xuchang Aixiu),https://www.allovehair.com/,Clothing Accessories,Clothing Accessories,US,3067297,3067297,joined,no,30,0.45,7.01262,85.60,green,72,2025-07-29,https://ui.awin.com/images/upload/merchant/profile/50899.png,,"Allove Hair are professional China business ,Our mission is to help females around the world feel proudly beautiful.offers High Quality 100% Human Hair Wigs ,Undetectable Lace Wigs, Frontal Lace Wigs, Closure Lace Wigs, Headband Wigs, Bob Wigs,"
104549,AlorAir Crawlspace,https://www.aloraircrawlspace.com/,Home & Garden,Home & Garden,US,3067297,3067297,joined,yes,90,4.89,6.29211,99.68,green,21,2025-08-05,https://ui.awin.com/images/upload/merchant/profile/104549.png,,"ALORAIR was founded in 2012.As an innovative technology company, we have a profound R&D background and have spared no effort to increase R&D investment. We are committed to providing customers with high - quality products and services. We strive"
124284,AlorAir – The Dry Air,https://thedryair.com/,Department Stores,Department Stores|DIY|Electronic Superstore|Group Buying|Home & Garden|White Goods,US,3067297,3067297,joined,yes,30,3.28,7.23253,81.63,amber,22,2026-02-12,https://ui.awin.com/images/upload/merchant/profile/124284.png,,"AlorAir (2012) produces ETL/Energy Star dehumidifiers for basements flood restoration. 5-year warranty, 24/7 U.S. support, fast local shipping."
126513,Argendon,https://www.argendon.com/,Home & Garden,Home & Garden,US,3067297,3067297,joined,yes,30,2.17,9.13066,100.00,amber,32,2026-05-05,https://ui.awin.com/images/upload/merchant/profile/126513.png,,"Argendon provides durable, energy-efficient dehumidifiers for basements, crawl spaces, and commercial use, helping control moisture, prevent mold, and improve indoor air quality."
113386,Blimburn Seeds,https://blimburnseeds.com/,Home & Garden,FMCG|Gifts & Flowers|Green (Eco friendly)|Home & Garden|Pharmaceuticals|Wine Spirits & Tobacco,US,3067297,3067297,joined,yes,60,1.00,3.57225,84.90,amber,53,2025-03-04,https://ui.awin.com/images/upload/merchant/profile/113386.png,,"Blimburn Seeds is a renowned seed bank since 2002, offering over 1,000 high-quality seed varieties from expert cultivators. We focus on innovation, genetic excellence, and customer satisfaction, serving a global market."
129093,BRKOX,https://brkox.com/,DIY,DIY|Home & Garden,US,3067297,3067297,joined,yes,30,0.00,,0.00,amber,null,2026-07-27,https://ui.awin.com/images/upload/merchant/profile/129093.png,,"BRKOX creates premium display frames and cases for LEGO® collectors, helping enthusiasts turn their builds into stunning home displays."
124250,Brookwood Med,https://brookwoodmed.com/,Health & Beauty,Health & Beauty|Pharmaceuticals,US,3067297,3067297,joined,yes,30,0.14,7.75487,100.00,amber,55,2026-02-11,https://ui.awin.com/images/upload/merchant/profile/124250.png,,"BrookwoodMed.com is an e-commerce platform focused on providing reliable medical, safety, and protective products for both consumers and businesses. The site offers a curated selection of essential healthcare and personal protection items designed to meet"
90193,Canvas Vows,https://www.canvasvows.com/,Home & Garden,Home & Garden,US,3067297,3067297,joined,yes,120,1.90,4.60497,98.88,green,34,2025-06-25,https://ui.awin.com/images/upload/merchant/profile/90193.png,,BECOME A CANVAS VOWS AFFILIATE PARTNER Canvas Vows makes personalized home decor canvases. We can make any size canvas fr
127209,Contactlensesplus Affiliate US,https://www.contactlensesplus.com/,Health & Beauty,Health & Beauty|Lead Gen|Pharmaceuticals,US,3067297,3067297,joined,yes,30,0.00,,0.00,amber,null,2026-08-13,https://ui.awin.com/images/upload/merchant/profile/127209.png,,"ContactLensesPlus.com offers leading contact lens brands at competitive prices, including daily, monthly, toric and multifocal lenses, with fast delivery, easy reordering and customer-focused service for convenient online lens shopping."
123618,Cozeware,https://www.cozeware.com/,Home & Garden,Electronic Accessories|Furniture & Soft Furnishings|Green (Eco friendly)|Home & Garden,US,3067297,3067297,joined,no,45,5.06,4.71304,75.70,amber,31,2026-03-20,https://ui.awin.com/images/upload/merchant/profile/123618.png,,"Cozeware is redefining comfort by transforming the air you breathe. We challenge the industry's narrative that superior air quality, intelligent climate control, and elegant design must come at a premium."
106313,DeerRun UK,https://uk.deerruntreadmill.com/,Sports Equipment,Health & Beauty|Sports Equipment,US,3067297,3067297,joined,yes,15,1.31,4.75332,87.91,green,73,2025-07-15,https://ui.awin.com/images/upload/merchant/profile/106313.png,,"The World's No.1 Home Treadmills Brand. Millions of treadmills sold. With 30+ years in the home fitness equipment industry, DeerRun has established itself as a leader in the field."
128033,Dima Eyewear (US),https://dimaeyewear.com/,Clothing Accessories,Clothing Accessories,US,3067297,3067297,joined,yes,30,0.26,2.99656,92.86,amber,null,2026-06-19,https://ui.awin.com/images/upload/merchant/profile/128033.png,,"Dima Eyewear is a direct-to-consumer sunglasses brand dedicated to providing high-quality, stylish, eco-friendly, and durable eyewear. Join us to earn competitive commissions by promoting sunglasses that combine modern fashion with sustainability and long"
95519,Distacart,https://www.distacart.com/,Health & Beauty,Clothing|Health & Beauty|Jewellery|Menswear,US,3067297,3067297,joined,yes,30,0.83,10.2521,85.49,green,70,2025-07-17,https://ui.awin.com/images/upload/merchant/profile/95519.png,,"Distacart is an e-commerce marketplace that sells Indian products to overseas markets. With 60,000+ product catalogue including Ayurvedic & Homeopathic products, beauty and personal care products, India"
71453,"Dr. Speron's Natural Skin Care, LLC",https://www.DrSperonsNaturalSkinCare.com/,Health & Beauty,Health & Beauty,US,3067297,3067297,joined,yes,45,0.61,14.2857,100.00,green,76,2025-07-29,https://ui.awin.com/images/upload/merchant/profile/71453.png,,"Dr. Speron’s Natural Skin Care is a premium, all-natural skincare products line developed by a certified plastic surgeon to achieve healthier, more youthful skin using the power of cellular oxygenation."
126975,EasyClaw,https://easyclaw.com/,Software Downloads,Software Downloads,US,3067297,3067297,joined,no,30,0.00,,0.00,amber,null,2026-05-29,https://ui.awin.com/images/upload/merchant/profile/126975.png,,"Promote EasyClaw, an AI productivity platform that helps users work smarter and faster. Share AI workflow and productivity tools with your audience while earning commissions, exclusive offers, strong conversions, and affiliate support."
32471,Eonon (US),https://www.eonon.com/,Audio Visual,Audio Visual|Automotive|Electronic Accessories,US,3067297,3067297,joined,yes,30,0.76,7.98202,99.24,amber,88,2022-08-24,https://ui.awin.com/images/upload/merchant/profile/32471.png,,"We are Eonon, we are a car stereo seller, we will have some discounts every week and a large Clearance Sale every month, up to 59%."
127793,Evago (US),https://evago.org/,Travel Agencies,Airlines|Travel Agencies,US,3067297,3067297,joined,no,30,0.00,,0.00,amber,null,2026-06-18,https://ui.awin.com/images/upload/merchant/profile/127793.png,,"Evago helps travel businesses connect with high-intent travelers through targeted advertising, featured placements, and qualified lead generation opportunities. Our platform increases visibility, drives customer engagement, and delivers potential bookings"
128579,Everblog US,https://everblog.com/,Electronic Accessories,Electronic Accessories|Home & Garden,US,3075433,3075433,joined,yes,30,0.00,,0.00,amber,null,2026-07-16,https://ui.awin.com/images/upload/merchant/profile/128579.png,,"10% commission for standard affiliates on valid orders 8% commission for plugin affiliates on valid orders 30-day cookie period High average order value Seasonal promotions, creatives, and affiliate code"
121298,EverLeakProof US,https://everleakproof.com/,Lingerie,Clothing|Clothing Accessories|Health & Beauty|Lingerie|Womenswear,US,3067297;3075433,3067297,joined,yes,30,0.89,10.0635,71.43,amber,59,2025-10-30,https://ui.awin.com/images/upload/merchant/profile/121298.png,,"EverLeakProof is a women's health brand for period care and bladder leak protection. AOV $75 and 20% base commission, with higher approved content-partner terms available."
124966,Eydology,https://eydology.com/,Health & Beauty,Clothing Accessories|Health & Beauty|Pharmaceuticals,US,3067297;3075433,3067297,joined,yes,30,0.85,9.91823,94.90,amber,null,2026-04-30,https://ui.awin.com/images/upload/merchant/profile/124966.png,,"EYDOLOGY is a direct-to-consumer eyewear brand dedicated to providing high-quality, stylish, and affordable prescription glasses. Join us to earn competitive commissions by promoting eyewear that combines fashion with optical excellence."
117741,Finitex (Titans Medicare),https://www.titansmedicare.com/,Health & Beauty,Automotive|FMCG|Green (Eco friendly)|Health & Beauty|Home & Garden|Pets & Pet Care,US,3067297,3067297,joined,yes,30,1.22,27.2727,100.00,amber,33,2025-07-16,https://ui.awin.com/images/upload/merchant/profile/117741.png,,"Finitex is a premium nitrile glove brand by Titans Medicare. Finitex is a top seller on Amazon and Walmart. Our official site offers bulk and retail, and free U.S. shipping over $49. Affiliates can earn 6.5% commission from valid orders on the website."
73936,Foreo US,https://www.foreo.com/,Health & Beauty,Health & Beauty,US,3067297,3067297,joined,yes,30,0.35,1.84462,84.21,amber,34,2024-02-23,https://ui.awin.com/images/upload/merchant/profile/73936.png,,"FOREO makes self-care simple, easy, and enjoyable - that’s our mission. Our products are effective and clinically tested, providing real results. We help you achieve your full beauty potential in record time and empower you to work on your well-being."
130233,FullScopeMD,https://www.fullscopemd.com/,Health & Beauty,Health & Beauty,US,3067297,3067297,joined,yes,30,0.00,,0.00,amber,null,2026-09-11,https://ui.awin.com/images/upload/merchant/profile/130233.png,,"Earn commission by introducing eligible U.S. adults to FullScopeMD’s physician-guided wellness and weight-management platform, with transparent pricing, patient support, and compliance-focused creative guidance."
95201,Giftlab,https://www.giftlab.com/,Gifts & Flowers,Gifts & Flowers,US,3067297;3075433,3067297,joined,yes,30,0.35,6.62971,100.00,green,70,2025-07-24,https://ui.awin.com/images/upload/merchant/profile/95201.png,,About GiftLAB® GiftLAB® (www.giftlab.com) is a leading provider of personalized gifts and more. We specialize in producing and selling custom photo gifts and funny face gifts worldwide. We strive to provide cus
117035,HappyPatina US,https://happypatina.com/,Clothing Accessories,Books & Subscriptions|Clothing|Clothing Accessories|DIY|Electronic Accessories|Furniture & Soft Furnishings|Gadgets|Gifts & Flowers|Green (Eco friendly)|Home & Garden|Jewellery|Menswear|Office Supplies|Pets & Pet Care|Photography|Shoes|Womenswear,US,3067297,3067297,joined,yes,30,0.00,4.17003,100.00,amber,null,2025-06-17,https://ui.awin.com/images/upload/merchant/profile/117035.png,,"HappyPatina handcrafts premium, untreated leather goods that develop a rich patina over time. High AOV, strong repeat customers and solid EPC. Perfect for lifestyle, fashion, gift and men's interest publishers seeking a distinctive brand."
111366,Hey Happiness (Sparkle GmbH),https://www.heyhappiness.com/,Clothing Accessories,Clothing Accessories,US,3067297,3067297,joined,yes,30,0.49,6.58299,82.22,green,70,2025-08-05,https://ui.awin.com/images/upload/merchant/profile/111366.png,,"Welcome to the Hey Happiness Affiliate Program—your opportunity to partner with a brand that combines style and impact. We specialize in high-quality, timeless jewelry with an average cart value of €60, designed to bring joy and elegance to ever"
78080,imarku,https://imarku.net/,Home & Garden,Home & Garden,US,3067297,3067297,joined,yes,30,0.71,3.56282,95.83,green,48,2025-08-18,https://ui.awin.com/images/upload/merchant/profile/78080.png,,.container { max-width: 600px; /* Adjust max-width as needed */ margin: 0 auto; /* Center the container */ padding: 20px; /* Add padding for spacing */ } .container img { max-width: 100%; /* Make sure images don'
50707,Ishow Hair,https://ishowbeauty.com/,Clothing Accessories,Clothing Accessories,US,3067297,3067297,joined,yes,30,0.15,2.69103,95.77,green,71,2025-06-09,https://ui.awin.com/images/upload/merchant/profile/50707.png,,"Ishow Hair is one of famous human hair product brand, we are dedicated to helping women of all ages and backgrounds look and feel their best with our premium-quality human hair wigs, bundles, glueless wig and fashion colored wigs."
129553,Jumy Bee - US,https://jumybee.com/,Health & Beauty,Gifts & Flowers|Group Buying|Health & Beauty|Lead Gen|Womenswear,US,3067297,3067297,joined,yes,30,0.00,,0.00,green,null,2026-08-07,https://ui.awin.com/images/upload/merchant/profile/129553.png,,"Jumy Bee is a professional-inspired haircare brand created for customers who want smoother, shinier, healthier-looking hair at home. Our colorful range combines salon-style treatments with easy-to-use formulas"
115216,King Koil,https://www.kingkoilairbeds.com/,Furniture & Soft Furnishings,Furniture & Soft Furnishings|Home & Garden,US,3075433,3075433,joined,yes,30,0.80,4.98531,96.99,amber,76,2025-05-06,https://ui.awin.com/images/upload/merchant/profile/115216.png,,"Our premium product lineup features high-quality air mattresses available in a variety of heights, sizes, and color finishes to suit every customer's needs!"
116187,Kings Camo (US),https://www.kingscamo.com/,Clothing,Clothing|Clothing Accessories|Gadgets|Menswear|Sports Equipment|Sportswear,US,3067297,3067297,joined,yes,30,0.42,3.15031,100.00,amber,69,2025-06-16,https://ui.awin.com/images/upload/merchant/profile/116187.png,,"King’s Camo is a performance hunting apparel brand built for rugged terrain, unpredictable weather, and serious outdoorsmen. Founded in the Western U.S., King’s blends tradition with innovation."
128231,LandJet,https://landjet.com/,Travel Agencies,Business Services (B2B)|Airlines|Airport Parking & Transfers|Car Rental|Coaches|Tourism & Attractions|Trains|Travel Agencies,US,3067297,3067297,joined,no,30,0.00,,0.00,green,null,2026-09-03,https://ui.awin.com/images/upload/merchant/profile/128231.png,,"LandJet is a premier U.S.-based luxury ground transportation company redefining regional travel through elevated comfort, sophistication, and seamless service. Catering to executives, professionals, families, and private groups"
54357,Lapert CZ,https://www.lapert.cz/,Womenswear,Audio Visual|Automotive|Books & Subscriptions|Childrenswear|Clothing|Clothing Accessories|Computers|Department Stores|DIY|Electronic Accessories|Electronic Superstore|Entertainment Superstore|Erotic|FMCG|Furniture & Soft Furnishings|Gadgets|Gifts & Flowers|Green (Eco friendly)|Group Buying|Health & Beauty|Home & Garden|Jewellery|Lead Gen|Lingerie|Menswear|Music & DVD|Office Supplies|PC & Video Games|Pets & Pet Care|Pharmaceuticals|Photography|Photos & Print Services|Shoes|Sports Equipment|Sportswear|Toys & Games|White Goods|Wine Spirits & Tobacco|Womenswear|Baby & Toddler,CZ,3067297,3067297,joined,yes,25,0.02,3.3185,87.69,amber,70,2023-07-14,https://ui.awin.com/images/upload/merchant/profile/54357.png,,Lapert.cz offers thousands of high-quality and affordable products.
54359,Lapert SK,https://www.lapert.sk/,Womenswear,Audio Visual|Automotive|Books & Subscriptions|Childrenswear|Clothing|Clothing Accessories|Computers|Department Stores|DIY|Electronic Accessories|Electronic Superstore|Entertainment Superstore|Erotic|FMCG|Furniture & Soft Furnishings|Gadgets|Gifts & Flowers|Green (Eco friendly)|Group Buying|Health & Beauty|Home & Garden|Jewellery|Lead Gen|Lingerie|Menswear|Music & DVD|Office Supplies|PC & Video Games|Pets & Pet Care|Pharmaceuticals|Photography|Photos & Print Services|Shoes|Sports Equipment|Sportswear|Toys & Games|White Goods|Wine Spirits & Tobacco|Womenswear|Baby & Toddler,SK,3067297,3067297,joined,yes,25,0.02,4.01606,84.46,amber,49,2023-07-14,https://ui.awin.com/images/upload/merchant/profile/54359.png,,Lapert.sk offers thousands of high-quality and affordable products.
114104,Lunzo AT,https://www.lunzo.at/,Department Stores,Department Stores,AT,3067297,3067297,joined,yes,25,0.00,1.04167,100.00,amber,53,2025-04-17,https://ui.awin.com/images/upload/merchant/profile/114104.png,,Lunzo.at offers thousands of high-quality and affordable products.
54355,Lunzo CZ,https://www.lunzo.cz/,Womenswear,Audio Visual|Automotive|Books & Subscriptions|Childrenswear|Clothing|Clothing Accessories|Computers|Department Stores|DIY|Electronic Accessories|Electronic Superstore|Entertainment Superstore|Erotic|FMCG|Furniture & Soft Furnishings|Gadgets|Gifts & Flowers|Green (Eco friendly)|Group Buying|Health & Beauty|Home & Garden|Jewellery|Lead Gen|Lingerie|Menswear|Music & DVD|Office Supplies|PC & Video Games|Pets & Pet Care|Pharmaceuticals|Photography|Photos & Print Services|Shoes|Sports Equipment|Sportswear|Toys & Games|White Goods|Wine Spirits & Tobacco|Womenswear|Baby & Toddler,CZ,3067297,3067297,joined,yes,25,0.01,2.40332,71.25,amber,61,2023-07-14,https://ui.awin.com/images/upload/merchant/profile/54355.png,,Lunzo.cz offers hundreds of thousands of high-quality and affordable products.
69786,Lunzo DE,https://www.lunzo.de/,Home & Garden,Clothing|Clothing Accessories|Home & Garden,DE,3067297,3067297,joined,yes,25,0.01,1.01766,69.57,amber,59,2024-03-25,https://ui.awin.com/images/upload/merchant/profile/69786.png,,Lunzo.de offers thousands of high-quality and affordable products.
40452,Lunzo HU,https://www.lunzo.hu/,Entertainment Superstore,Audio Visual|Automotive|Books & Subscriptions|Childrenswear|Clothing|Clothing Accessories|Computers|Department Stores|DIY|Electronic Accessories|Electronic Superstore|Entertainment Superstore|Erotic|FMCG|Furniture & Soft Furnishings|Gadgets|Gifts & Flowers|Green (Eco friendly)|Group Buying|Health & Beauty|Home & Garden|Jewellery|Lead Gen|Lingerie|Menswear|Music & DVD|Office Supplies|PC & Video Games|Pets & Pet Care|Pharmaceuticals|Photography|Photos & Print Services|Shoes|Sports Equipment|Sportswear|Toys & Games|White Goods|Wine Spirits & Tobacco|Womenswear|Baby & Toddler,HU,3067297,3067297,joined,yes,25,0.05,6.10664,74.80,amber,63,2023-03-09,https://ui.awin.com/images/upload/merchant/profile/40452.png,,Lunzo.hu offers thousands of high-quality and affordable products.
40454,lunzo PL,https://www.lunzo.pl/,Entertainment Superstore,Audio Visual|Automotive|Books & Subscriptions|Childrenswear|Clothing|Clothing Accessories|Computers|Department Stores|DIY|Electronic Accessories|Electronic Superstore|Entertainment Superstore|Erotic|FMCG|Furniture & Soft Furnishings|Gadgets|Gifts & Flowers|Green (Eco friendly)|Group Buying|Health & Beauty|Home & Garden|Jewellery|Lead Gen|Lingerie|Menswear|Music & DVD|Office Supplies|PC & Video Games|Pets & Pet Care|Pharmaceuticals|Photography|Photos & Print Services|Shoes|Sports Equipment|Sportswear|Toys & Games|White Goods|Wine Spirits & Tobacco|Womenswear|Baby & Toddler,PL,3067297,3067297,joined,yes,25,0.04,1.14844,68.27,amber,60,2023-03-09,https://ui.awin.com/images/upload/merchant/profile/40454.png,,Lunzo.pl oferuje tysiące wysokiej jakości i niedrogich produktów.
40456,Lunzo RO,https://www.lunzo.ro/,Entertainment Superstore,Audio Visual|Automotive|Books & Subscriptions|Childrenswear|Clothing|Clothing Accessories|Computers|Department Stores|DIY|Electronic Accessories|Electronic Superstore|Entertainment Superstore|Erotic|FMCG|Furniture & Soft Furnishings|Gadgets|Gifts & Flowers|Green (Eco friendly)|Group Buying|Health & Beauty|Home & Garden|Jewellery|Lead Gen|Lingerie|Menswear|Music & DVD|Office Supplies|PC & Video Games|Pets & Pet Care|Pharmaceuticals|Photography|Photos & Print Services|Shoes|Sports Equipment|Sportswear|Toys & Games|White Goods|Wine Spirits & Tobacco|Womenswear|Baby & Toddler,RO,3067297,3067297,joined,yes,25,0.01,0.466353,39.32,amber,62,2023-03-02,https://ui.awin.com/images/upload/merchant/profile/40456.png,,Lunzo.ro offers thousands of high-quality and affordable products.
54353,Lunzo SK,https://www.lunzo.sk/,Womenswear,Audio Visual|Automotive|Books & Subscriptions|Childrenswear|Clothing|Clothing Accessories|Computers|Department Stores|DIY|Electronic Accessories|Electronic Superstore|Entertainment Superstore|Erotic|FMCG|Furniture & Soft Furnishings|Gadgets|Gifts & Flowers|Green (Eco friendly)|Group Buying|Health & Beauty|Home & Garden|Jewellery|Lead Gen|Lingerie|Menswear|Music & DVD|Office Supplies|PC & Video Games|Pets & Pet Care|Pharmaceuticals|Photography|Photos & Print Services|Shoes|Sports Equipment|Sportswear|Toys & Games|White Goods|Wine Spirits & Tobacco|Womenswear|Baby & Toddler,SK,3067297,3067297,joined,yes,25,0.01,1.5979,68.18,amber,65,2023-07-14,https://ui.awin.com/images/upload/merchant/profile/54353.png,,Lunzo.sk offers thousands of high-quality and affordable products.
125752,Maniana AI (US),https://app.maniana.ai/,Business Services (B2B),Business Services (B2B)|Software Downloads|Web Hosting,US,3075433,3075433,joined,no,30,0.00,,0.00,amber,null,2026-04-14,https://ui.awin.com/images/upload/merchant/profile/125752.png,,Maniana.ai acts as a complete smart execution system for your ideas.Zero coding and infrastructure knowledge required.A vertical-first architecture is our differentiator.
126089,Minteefy,https://www.minteefy.com/,Home & Garden,Gifts & Flowers|Home & Garden,US,3067297,3067297,joined,no,30,0.01,14.2857,50.00,amber,69,2026-04-17,https://ui.awin.com/images/upload/merchant/profile/126089.png,,"Minteefy is a home décor brand offering modern and stylish wall art designed to enhance any interior space. We create a curated range of prints, glass wall art, and custom designs that bring personality and contemporary aesthetics into homes and offices."
127859,Monvane,https://monvane.com/,Home & Garden,Home & Garden,US,3067297,3067297,joined,yes,30,1.22,7.32323,100.00,amber,null,2026-06-12,https://ui.awin.com/images/upload/merchant/profile/127859.png,,"Promote one of the fastest-growing modular sofa brands and earn 10% commission on every sale. MONVANE offers high-AOV products with $500+, a 30-day cookie window, and furniture designed for modern living."
127997,New Learning Network,https://lingzio.com/,"Education, Training & Recruitment",Education Training & Recruitment|Software Downloads|Tourism & Attractions,US,3067297,3067297,joined,no,30,0.00,,0.00,amber,null,2026-06-19,https://ui.awin.com/images/upload/merchant/profile/127997.png,,"Multi Lingual Learning Platform > Commission: 30% base commission +40% launch bonus available > Cookie duration: 30 days > New Partners - 50% off with code "" LINGZIO50 """
122380,Omara Jewelry,https://omara.pl/,Jewellery,Jewellery,PL,3067297,3067297,joined,yes,30,2.38,0.595533,17.65,amber,24,2025-11-25,https://ui.awin.com/images/upload/merchant/profile/122380.png,,"Omara to dynamiczna marka, założona w 2022 w PL, SK, CZ, specjalizująca się w spersonalizowanej biżuterii modowej. Łączymy nowoczesną technologię i globalne operacje z pasją do indywidualnej ekspresji, zapewniając unikalne produkty i rygorystyczną jakość."
117613,OUTFITR (US),https://outfitrer.com/,Home & Garden,Home & Garden,US,3067297,3067297,joined,yes,30,2.24,7.84104,93.31,amber,53,2025-09-22,https://ui.awin.com/images/upload/merchant/profile/117613.png,,Earn 10% promoting OutfitR's adventure-grade gear via Awin. From rugged backpacks to pro camping gear - made for explorers. Join now!
119629,PURTY BODY Affiliate Program,https://purtybody.com/,Lingerie,Clothing|Clothing Accessories|Lingerie|Womenswear,US,3067297,3067297,joined,yes,30,0.66,14.6872,99.74,amber,140,2025-10-03,https://ui.awin.com/images/upload/merchant/profile/119629.png,,Purtybody is a fashion-forward brand created to solve one of the most common yet least talked about challenges in women’s apparel: the discomfort and appearance of “camel toe.”
127003,REVO (Revomadic),https://revomadic.com/,Health & Beauty,Health & Beauty,US,3067297;3075433,3067297,joined,no,30,1.39,6.23188,100.00,amber,null,2026-06-24,https://ui.awin.com/images/upload/merchant/profile/127003.png,,"REVO is a wellness, fitness lifestyle brand featuring trending products like Face Genie, Wave Board, Walking Pad, Massage Gun Smart Cupping devices. Follow us on Instagram: https://www.instagram.com/revomadic/"
129153,Rewarx Studio AI,https://www.rewarx.com/,Business Services (B2B),Books & Subscriptions|Business Services (B2B)|Software Downloads,US,3067297,3067297,joined,no,30,0.00,,0.00,amber,null,2026-07-31,https://ui.awin.com/images/upload/merchant/profile/129153.png,,Partner with Rewarx Studio AI to help e-commerce brands create stunning AI product photos without expensive shoots. Earn up to 50% commission for 12 months ! We offer free test accounts and dedicated support for all our affiliates.
46127,Rowabi,https://www.rowabi.com/,Home & Garden,Home & Garden,US,3067297,3067297,joined,yes,90,0.05,0.201295,100.00,green,null,2025-06-03,https://ui.awin.com/images/upload/merchant/profile/46127.png,,"Join Rowabi, a US-based family business offering handmade rattan and contemporary pendant lights. Our products are unique, high-quality, and crafted with care. As a Rowabi affiliate, you can earn up to 8% commission on every sale, with an ave"
92667,"SAILO, INC",https://www.sailo.com/,Toys & Games,Toys & Games,US,3067297;3075433,3067297,joined,no,60,4.50,7.85495,62.79,green,70,2025-07-15,https://ui.awin.com/images/upload/merchant/profile/92667.png,,"Sailo.com is the global online booking platform for boat rentals and yacht charters that connects people who want to rent boats with boat owners and charter companies.Average order value = $1,600Conv"
32679,SamBoat US,https://www.samboat.com/,Cruises/Ferries,Cruises/Ferries|Tourism & Attractions|Travel Agencies,US,3067297,3067297,joined,no,30,0.18,1.5029,94.44,amber,null,2022-09-20,https://ui.awin.com/images/upload/merchant/profile/32679.png,,"SamBoat is the fastest-growing global platform for boat rental, enabling curious travellers and seasoned sailors to experience the joy of being at sea. Customers can compare thousands of listings in seconds and book the perfect boat at the best price."
90879,SBLA Inc.,https://sbla.com/,Health & Beauty,Health & Beauty,US,3067297,3067297,joined,yes,30,0.39,5.42296,85.90,green,70,2025-07-15,https://ui.awin.com/images/upload/merchant/profile/90879.png,,"®SBLA means ‘scientific beauty,’ while the idea, beginning with the acclaimed and sought after neck sculpting wand, was conceived in LA, the mission is to empower women everywhere to age beautifully on their own terms. Join us in redefining beauty"
129485,Silver Brush,https://www.silverbrush.com/,Home & Garden,DIY|Home & Garden|Office Supplies,US,3067297,3067297,joined,yes,30,0.00,,0.00,green,null,2026-08-08,https://ui.awin.com/images/upload/merchant/profile/129485.png,,"Silver Brush Limited® has created premium artist brushes since 1991. Trusted by artists, educators, students, and creatives, our brushes deliver exceptional quality and performance for watercolor, acrylic, oil, gouache, and more."
99013,Simple Project (Shenzhen Cangyu Technology),https://simpleprojectus.com/,Home & Garden,Home & Garden,US,3067297,3067297,joined,yes,30,1.65,4.57083,82.76,green,49,2025-08-05,https://ui.awin.com/images/upload/merchant/profile/99013.png,,"About Us Simple Project is a bathroom product brand that combines simplicity and sophistication with a commitment to exceeding customer expectations. We specialize in the design, production and sale of high-quality toilets, aimi"
125464,Toputure - US,https://toputure.com/,Sports Equipment,Sports Equipment,US,3067297,3067297,joined,yes,30,0.64,3.95591,100.00,amber,null,2026-04-07,https://ui.awin.com/images/upload/merchant/profile/125464.png,,Toputure - Your Home Fitness Partner
124816,Traverseon,https://traverseon.com/,Home & Garden,Home & Garden,US,3067297,3067297,joined,yes,30,0.40,3.45425,85.92,amber,63,2026-03-14,https://ui.awin.com/images/upload/merchant/profile/124816.png,,"Traverseon is a premium outdoor gear brand trusted by over 300,000 adventurers across the world. Our mission is to ""Simplify Your Outdoor Life"" by designing compact and ultra-portable gear systems that allow city dwellers to venture into nature with ease."
121760,Triple Bristle (US),https://www.triplebristle.com/,Health & Beauty,Electronic Accessories|Gadgets|Health & Beauty|Pharmaceuticals,US,3067297,3067297,joined,yes,30,0.81,15.0383,100.00,amber,94,2025-11-10,https://ui.awin.com/images/upload/merchant/profile/121760.png,,"Triple Bristle — The 3-Sided Sonic ToothbrushTriple Bristle’s innovative 3-sided brush cleans all surfaces of your teeth at once, delivering a dentist-clean feeling in 1/3 the time. Designed by dental professionals, it’s the smarter, faster, and more eff"
100613,Turbopass US,https://www.turbopass.com/,Tourism & Attractions,Tourism & Attractions,US,3067297,3067297,joined,no,30,0.26,1.73003,96.15,green,51,2024-08-21,https://ui.awin.com/images/upload/merchant/profile/100613.png,,"The must-have for city travelers: The City Passes from Turbopass offer free admission to museums and attractions as well as free travel on public transportation in Munich, Dubai, Athens, Barcelona, Hamburg, London, Madrid, Naples, Paris, Rome, Venice..."
39912,UNice (US),https://m.unice.com/,Health & Beauty,Clothing Accessories|Health & Beauty,US,3067297,3067297,joined,yes,30,0.14,4.38282,60.29,amber,73,2022-12-30,https://ui.awin.com/images/upload/merchant/profile/39912.png,,"UNice hair is one of the leading online human hair weaves and wig retailers, and has an enormous variety of hair products, specializing in the latest in women's fashion trends."
129433,Uzari,https://uzariskincare.com/,Health & Beauty,Health & Beauty,US,3067297,3067297,joined,yes,30,0.00,,0.00,amber,null,2026-08-04,https://ui.awin.com/images/upload/merchant/profile/129433.png,,"Premium body care with purpose. Clean, plant-based skincare rooted in African tradition, stocked at Nordstrom and Target. Earn 20% launch commission (then 15%), 30-day cookie. Every purchase educates a woman in Ghana. High AOV and a story that converts"
105835,Wavytalk,https://wavytalk.com/,Health & Beauty,FMCG|Gifts & Flowers|Health & Beauty,US,3075433,3075433,joined,yes,30,0.11,3.64872,96.17,green,63,2025-08-05,https://ui.awin.com/images/upload/merchant/profile/105835.png,,"Partner with Wavytalk – a top 5 Amazon and #1 TikTok hair tools brand. We offer salon-quality, innovative tools for all hair types. Earn up to 25% commission with 30-day tracking. Join one of the fastest-growing names in beauty today!"
37118,WINGGOOD (WalkHero),https://walkhero.com/,Clothing Accessories,Clothing Accessories,US,3067297,3067297,joined,yes,30,0.63,5.97299,99.69,green,28,2025-08-13,https://ui.awin.com/images/upload/merchant/profile/37118.png,,"BECOME A WALKHERO AFFILIATE Thank you for your interest in the WalkHero Affiliate program! WalkHero is a pillar of classic workmanship and a beacon of American style. Since 2011, WalkHero has provided the highest quality products and set t"
116725,World Businesses for Sale,https://worldbusinessesforsale.com/,Savings & Investments,Savings & Investments,GB,3067297;3075433,3067297,joined,yes,30,0.09,50,100.00,amber,null,2025-06-09,https://ui.awin.com/images/upload/merchant/profile/116725.png,,"Apply to join our program today! We're actively seeking influencers, bloggers, vloggers, and content creators. Partner with us and earn generous payments promoting exciting global business opportunities. Let’s grow together!"
119761,Yeloly,https://www.yeloly.com/,Erotic,Erotic,US,3067297;3075433,3067297,joined,yes,30,2.44,6.16612,51.43,amber,111,2025-09-15,https://ui.awin.com/images/upload/merchant/profile/119761.png,,Looking for sincere partners. We hope you can earn a lot of commissions.
91139,"ZAPAKA VINTAGE, Inc.",https://zapaka.com/,Clothing,Clothing,US,3067297,3067297,joined,yes,30,0.11,1.00744,80.70,green,71,2025-06-25,https://ui.awin.com/images/upload/merchant/profile/91139.png,,"ZAPAKA is a vintage online boutique, the website is zapaka.com. We ship thousands of orders daily all over the world, especially in Europe and America. Our average sale amount is around one million dollars every month. Fo"
102013,Zlike Hair,https://zlikehair.com/,Health & Beauty,Clothing Accessories|Health & Beauty|Womenswear,US,3067297,3067297,joined,yes,45,0.81,3.21765,30.43,green,73,2025-07-15,https://ui.awin.com/images/upload/merchant/profile/102013.png,,"At Zlike Hair, we specialize in high-quality human hair wigs, offering a diverse range of styles and options. Our extensive product line includes glue-less wigs, vibrant colored wigs, and 28-inch and 30-inch lengths."
